#
# A fatal error has been detected by the Java Runtime Environment:
#
#  EXCEPTION_ACCESS_VIOLATION (0xc0000005) at pc=0x00007ffbeba6c5d5, pid=2944, tid=23332
#
# JRE version: OpenJDK Runtime Environment 21.9 (17.0.3+6) (build 17.0.3+6-LTS)
# Java VM: OpenJDK 64-Bit Server VM 21.9 (17.0.3+6-LTS, mixed mode, sharing, tiered, compressed oops, compressed class ptrs, g1 gc, windows-amd64)
# Problematic frame:
# V  [jvm.dll+0x36c5d5]
#
# No core dump will be written. Minidumps are not enabled by default on client versions of Windows
#
# If you would like to submit a bug report, please visit:
#   https://github.com/ojdkbuild/ojdkbuild/issues
#

---------------  S U M M A R Y ------------

Command Line: --add-opens=java.base/java.lang=ALL-UNNAMED --add-opens=java.base/java.lang.invoke=ALL-UNNAMED --add-opens=java.base/java.util=ALL-UNNAMED --add-opens=java.prefs/java.util.prefs=ALL-UNNAMED --add-exports=jdk.compiler/com.sun.tools.javac.api=ALL-UNNAMED --add-exports=jdk.compiler/com.sun.tools.javac.util=ALL-UNNAMED --add-opens=java.base/java.util=ALL-UNNAMED --add-opens=java.prefs/java.util.prefs=ALL-UNNAMED --add-opens=java.base/java.nio.charset=ALL-UNNAMED --add-opens=java.base/java.net=ALL-UNNAMED --add-opens=java.base/java.util.concurrent=ALL-UNNAMED --add-opens=java.base/java.util.concurrent.atomic=ALL-UNNAMED --add-opens=java.xml/javax.xml.namespace=ALL-UNNAMED --add-opens=java.base/java.time=ALL-UNNAMED -Xmx2048m -Dfile.encoding=UTF-8 -Duser.country=IN -Duser.language=en -Duser.variant -javaagent:C:\tmp\gradle\gradle-9.3.1\lib\agents\gradle-instrumentation-agent-9.3.1.jar org.gradle.launcher.daemon.bootstrap.GradleDaemon 9.3.1

Host: 12th Gen Intel(R) Core(TM) i7-12650H, 16 cores, 15G,  Windows 11 , 64 bit Build 26100 (10.0.26100.8246)
Time: Mon May  4 21:37:34 2026 India Standard Time elapsed time: 196.696796 seconds (0d 0h 3m 16s)

---------------  T H R E A D  ---------------

Current thread (0x0000021c2e375560):  GCTaskThread "GC Thread#3" [stack: 0x0000004dbb400000,0x0000004dbb500000] [id=23332]

Stack: [0x0000004dbb400000,0x0000004dbb500000],  sp=0x0000004dbb4ff7e0,  free space=1021k
Native frames: (J=compiled Java code, j=interpreted, Vv=VM code, C=native code)
V  [jvm.dll+0x36c5d5]
V  [jvm.dll+0x681e82]
V  [jvm.dll+0x307532]
V  [jvm.dll+0x85faab]
V  [jvm.dll+0x85faf6]
V  [jvm.dll+0x7e230a]
V  [jvm.dll+0x676095]
C  [ucrtbase.dll+0x37b0]
C  [KERNEL32.DLL+0x2e8d7]
C  [ntdll.dll+0x8c3fc]


siginfo: EXCEPTION_ACCESS_VIOLATION (0xc0000005), reading address 0x000000000000002c


Register to memory mapping:

RIP=0x00007ffbeba6c5d5 jvm.dll
RAX=0x000000000000001c is an unknown value
RBX=0x0 is NULL
RCX=0x00000008013f75f8 is a pointer to class: 
org.jetbrains.kotlin.resolve.calls.checkers.FunInterfaceConstructorReferenceChecker {0x00000008013f7600}
 - instance size:     2
 - klass size:        67
 - access:            public final synchronized 
 - state:             fully_initialized
 - name:              'org/jetbrains/kotlin/resolve/calls/checkers/FunInterfaceConstructorReferenceChecker'
 - super:             'java/lang/Object'
 - sub:               
 - arrays:            NULL
 - methods:           Array<T>(0x0000021c47e78978)
 - method ordering:   Array<T>(0x00000008008f0c90)
 - default_methods:   Array<T>(0x0000000000000000)
 - local interfaces:  Array<T>(0x0000021c47e78950)
 - trans. interfaces: Array<T>(0x0000021c47e78950)
 - constants:         constant pool [147] {0x0000021c47e783e8} for 'org/jetbrains/kotlin/resolve/calls/checkers/FunInterfaceConstructorReferenceChecker' cache=0x0000021c47e78ce0
 - class loader data:  loader data: 0x0000021c2cb3b3d0 for instance a 'org/gradle/internal/classloader/VisitableURLClassLoader'{0x00000000806fb120}
 - source file:       'FunInterfaceConstructorReferenceChecker.kt'
 - class annotations:       Array<T>(0x0000021c47e78c60)
 - class type annotations:  Array<T>(0x0000000000000000)
 - field annotations:       Array<T>(0x0000000000000000)
 - field type annotations:  Array<T>(0x0000000000000000)
 - inner classes:     Array<T>(0x00000008005cf2e0)
 - nest members:     Array<T>(0x00000008005cf2e0)
 - permitted subclasses:     Array<T>(0x00000008005cf2e0)
 - java mirror:       a 'java/lang/Class'{0x000000008340d7f0} = 'org/jetbrains/kotlin/resolve/calls/checkers/FunInterfaceConstructorReferenceChecker'
 - vtable length      5  (start addr: 0x00000008013f77c0)
 - itable length      5 (start addr: 0x00000008013f77e8)
 - ---- static fields (1 words):
 - public static final 'INSTANCE' 'Lorg/jetbrains/kotlin/resolve/calls/checkers/FunInterfaceConstructorReferenceChecker;' @112 
 - ---- non-static fields (0 words):
 - non-static oop maps: 
RDX=0x00000008013f73e0 is a pointer to class: 
org.jetbrains.kotlin.resolve.calls.checkers.UnitConversionCallChecker {0x00000008013f73e8}
 - instance size:     2
 - klass size:        67
 - access:            public final synchronized 
 - state:             fully_initialized
 - name:              'org/jetbrains/kotlin/resolve/calls/checkers/UnitConversionCallChecker'
 - super:             'java/lang/Object'
 - sub:               
 - arrays:            NULL
 - methods:           Array<T>(0x0000021c47e77b60)
 - method ordering:   Array<T>(0x00000008008f0c90)
 - default_methods:   Array<T>(0x0000000000000000)
 - local interfaces:  Array<T>(0x0000021c47e77b38)
 - trans. interfaces: Array<T>(0x0000021c47e77b38)
 - constants:         constant pool [171] {0x0000021c47e774e0} for 'org/jetbrains/kotlin/resolve/calls/checkers/UnitConversionCallChecker' cache=0x0000021c47e78000
 - class loader data:  loader data: 0x0000021c2cb3b3d0 for instance a 'org/gradle/internal/classloader/VisitableURLClassLoader'{0x00000000806fb120}
 - source file:       'UnitConversionCallChecker.kt'
 - class annotations:       Array<T>(0x0000021c47e77e68)
 - class type annotations:  Array<T>(0x0000000000000000)
 - field annotations:       Array<T>(0x0000000000000000)
 - field type annotations:  Array<T>(0x0000000000000000)
 - inner classes:     Array<T>(0x00000008005cf2e0)
 - nest members:     Array<T>(0x00000008005cf2e0)
 - permitted subclasses:     Array<T>(0x00000008005cf2e0)
 - java mirror:       a 'java/lang/Class'{0x0000000083407d80} = 'org/jetbrains/kotlin/resolve/calls/checkers/UnitConversionCallChecker'
 - vtable length      5  (start addr: 0x00000008013f75a8)
 - itable length      5 (start addr: 0x00000008013f75d0)
 - ---- static fields (1 words):
 - public static final 'INSTANCE' 'Lorg/jetbrains/kotlin/resolve/calls/checkers/UnitConversionCallChecker;' @112 
 - ---- non-static fields (0 words):
 - non-static oop maps: 
RSP=0x0000004dbb4ff7e0 points into unknown readable memory: 0x00000000000003d8 | d8 03 00 00 00 00 00 00
RBP=0x00000008013f75f8 is a pointer to class: 
org.jetbrains.kotlin.resolve.calls.checkers.FunInterfaceConstructorReferenceChecker {0x00000008013f7600}
 - instance size:     2
 - klass size:        67
 - access:            public final synchronized 
 - state:             fully_initialized
 - name:              'org/jetbrains/kotlin/resolve/calls/checkers/FunInterfaceConstructorReferenceChecker'
 - super:             'java/lang/Object'
 - sub:               
 - arrays:            NULL
 - methods:           Array<T>(0x0000021c47e78978)
 - method ordering:   Array<T>(0x00000008008f0c90)
 - default_methods:   Array<T>(0x0000000000000000)
 - local interfaces:  Array<T>(0x0000021c47e78950)
 - trans. interfaces: Array<T>(0x0000021c47e78950)
 - constants:         constant pool [147] {0x0000021c47e783e8} for 'org/jetbrains/kotlin/resolve/calls/checkers/FunInterfaceConstructorReferenceChecker' cache=0x0000021c47e78ce0
 - class loader data:  loader data: 0x0000021c2cb3b3d0 for instance a 'org/gradle/internal/classloader/VisitableURLClassLoader'{0x00000000806fb120}
 - source file:       'FunInterfaceConstructorReferenceChecker.kt'
 - class annotations:       Array<T>(0x0000021c47e78c60)
 - class type annotations:  Array<T>(0x0000000000000000)
 - field annotations:       Array<T>(0x0000000000000000)
 - field type annotations:  Array<T>(0x0000000000000000)
 - inner classes:     Array<T>(0x00000008005cf2e0)
 - nest members:     Array<T>(0x00000008005cf2e0)
 - permitted subclasses:     Array<T>(0x00000008005cf2e0)
 - java mirror:       a 'java/lang/Class'{0x000000008340d7f0} = 'org/jetbrains/kotlin/resolve/calls/checkers/FunInterfaceConstructorReferenceChecker'
 - vtable length      5  (start addr: 0x00000008013f77c0)
 - itable length      5 (start addr: 0x00000008013f77e8)
 - ---- static fields (1 words):
 - public static final 'INSTANCE' 'Lorg/jetbrains/kotlin/resolve/calls/checkers/FunInterfaceConstructorReferenceChecker;' @112 
 - ---- non-static fields (0 words):
 - non-static oop maps: 
RSI=0x0000021c2cb6bab0 points into unknown readable memory: 0x0000000000000000 | 00 00 00 00 00 00 00 00
RDI=0x0000000000000003 is an unknown value
R8 =0x00000008013f75f8 is a pointer to class: 
org.jetbrains.kotlin.resolve.calls.checkers.FunInterfaceConstructorReferenceChecker {0x00000008013f7600}
 - instance size:     2
 - klass size:        67
 - access:            public final synchronized 
 - state:             fully_initialized
 - name:              'org/jetbrains/kotlin/resolve/calls/checkers/FunInterfaceConstructorReferenceChecker'
 - super:             'java/lang/Object'
 - sub:               
 - arrays:            NULL
 - methods:           Array<T>(0x0000021c47e78978)
 - method ordering:   Array<T>(0x00000008008f0c90)
 - default_methods:   Array<T>(0x0000000000000000)
 - local interfaces:  Array<T>(0x0000021c47e78950)
 - trans. interfaces: Array<T>(0x0000021c47e78950)
 - constants:         constant pool [147] {0x0000021c47e783e8} for 'org/jetbrains/kotlin/resolve/calls/checkers/FunInterfaceConstructorReferenceChecker' cache=0x0000021c47e78ce0
 - class loader data:  loader data: 0x0000021c2cb3b3d0 for instance a 'org/gradle/internal/classloader/VisitableURLClassLoader'{0x00000000806fb120}
 - source file:       'FunInterfaceConstructorReferenceChecker.kt'
 - class annotations:       Array<T>(0x0000021c47e78c60)
 - class type annotations:  Array<T>(0x0000000000000000)
 - field annotations:       Array<T>(0x0000000000000000)
 - field type annotations:  Array<T>(0x0000000000000000)
 - inner classes:     Array<T>(0x00000008005cf2e0)
 - nest members:     Array<T>(0x00000008005cf2e0)
 - permitted subclasses:     Array<T>(0x00000008005cf2e0)
 - java mirror:       a 'java/lang/Class'{0x000000008340d7f0} = 'org/jetbrains/kotlin/resolve/calls/checkers/FunInterfaceConstructorReferenceChecker'
 - vtable length      5  (start addr: 0x00000008013f77c0)
 - itable length      5 (start addr: 0x00000008013f77e8)
 - ---- static fields (1 words):
 - public static final 'INSTANCE' 'Lorg/jetbrains/kotlin/resolve/calls/checkers/FunInterfaceConstructorReferenceChecker;' @112 
 - ---- non-static fields (0 words):
 - non-static oop maps: 
R9 =0x0 is NULL
R10=0x0 is NULL
R11=0x0000000000000246 is an unknown value
R12=0x0 is NULL
R13=0x0 is NULL
R14=0x0000000000000018 is an unknown value
R15=0x00000000000003d8 is an unknown value


Registers:
RAX=0x000000000000001c, RBX=0x0000000000000000, RCX=0x00000008013f75f8, RDX=0x00000008013f73e0
RSP=0x0000004dbb4ff7e0, RBP=0x00000008013f75f8, RSI=0x0000021c2cb6bab0, RDI=0x0000000000000003
R8 =0x00000008013f75f8, R9 =0x0000000000000000, R10=0x0000000000000000, R11=0x0000000000000246
R12=0x0000000000000000, R13=0x0000000000000000, R14=0x0000000000000018, R15=0x00000000000003d8
RIP=0x00007ffbeba6c5d5, EFLAGS=0x0000000000010287

Top of Stack: (sp=0x0000004dbb4ff7e0)
0x0000004dbb4ff7e0:   00000000000003d8 0000021c47ea7480
0x0000004dbb4ff7f0:   00000008013fd860 0000021c2cb6bab0
0x0000004dbb4ff800:   0000021c2cb6be98 0000021c2cb4b850
0x0000004dbb4ff810:   0000021c2cb6bab0 0000021c2cb6bac0
0x0000004dbb4ff820:   0000004db9dfe998 00007ffbebd81e82
0x0000004dbb4ff830:   00001b8f87242124 0000000000000001
0x0000004dbb4ff840:   0000000000000000 0000021c2e375560
0x0000004dbb4ff850:   0000000000000000 0000021c2e375560
0x0000004dbb4ff860:   000000000000000b 00007ffbeba07532
0x0000004dbb4ff870:   0000004db9dfe940 0000000000000000
0x0000004dbb4ff880:   0000021c2e375560 000000000000000b
0x0000004dbb4ff890:   0000004db9dfe940 00007ffbebf5faab
0x0000004dbb4ff8a0:   000000000000000c 0000000000000000
0x0000004dbb4ff8b0:   0000021c2e375560 0000004db9dfe940
0x0000004dbb4ff8c0:   00000000000075a3 00007ffbebf5faf6
0x0000004dbb4ff8d0:   0000021c2e375560 0000004dffffffff 

Instructions: (pc=0x00007ffbeba6c5d5)
0x00007ffbeba6c4d5:   00 48 8b cd e8 a2 ee ff ff 48 8b c8 48 8b c3 f0
0x00007ffbeba6c4e5:   48 0f b1 39 74 15 48 8b cd e8 8d ee ff ff 48 8b
0x00007ffbeba6c4f5:   18 48 85 db 75 c7 e9 b8 00 00 00 48 8b 15 79 69
0x00007ffbeba6c505:   81 00 48 85 d2 0f 84 a8 00 00 00 65 48 8b 04 25
0x00007ffbeba6c515:   58 00 00 00 8b 0d 19 4d 85 00 4c 89 64 24 50 4c
0x00007ffbeba6c525:   89 6c 24 58 4c 89 7c 24 60 48 8b 34 c8 b8 50 00
0x00007ffbeba6c535:   00 00 40 38 3c 30 75 0c e8 2a 17 52 00 48 8b 15
0x00007ffbeba6c545:   37 69 81 00 b8 20 00 00 00 48 8b 04 30 48 8b b0
0x00007ffbeba6c555:   30 02 00 00 4c 8b 76 10 4c 8b 7e 18 4c 8b 66 20
0x00007ffbeba6c565:   4c 8b 6e 28 48 85 d2 74 17 48 8b cb e8 3a e5 1c
0x00007ffbeba6c575:   00 48 8b d0 48 8d 0d 28 66 5f 00 e8 0b d5 ff ff
0x00007ffbeba6c585:   49 39 3e 74 13 49 8b d5 48 8b ce e8 db 01 d4 ff
0x00007ffbeba6c595:   49 8b ce e8 43 01 d4 ff 4c 8b 6c 24 58 4c 89 7e
0x00007ffbeba6c5a5:   18 4c 8b 7c 24 60 4c 89 66 20 4c 8b 64 24 50 4c
0x00007ffbeba6c5b5:   89 76 10 48 8b 85 90 01 00 00 39 38 7e 66 4c 8b
0x00007ffbeba6c5c5:   f7 66 66 0f 1f 84 00 00 00 00 00 49 8b 44 06 08
0x00007ffbeba6c5d5:   48 8b 58 10 48 85 db 74 3a 8b 05 bc fb 82 00 83
0x00007ffbeba6c5e5:   f8 02 74 25 48 8d 73 18 48 85 f6 74 1c 48 8b ce
0x00007ffbeba6c5f5:   e8 06 b3 2d 00 33 d2 48 8b cb e8 0c 23 2c 00 48
0x00007ffbeba6c605:   8b ce e8 d4 b5 2d 00 eb 0a 33 d2 48 8b cb e8 f8
0x00007ffbeba6c615:   22 2c 00 48 8b 85 90 01 00 00 ff c7 49 83 c6 08
0x00007ffbeba6c625:   3b 38 7c a7 48 83 c4 20 41 5e 5f 5e 5d 5b c3 cc
0x00007ffbeba6c635:   cc cc cc cc cc cc cc cc cc cc cc 48 89 54 24 10
0x00007ffbeba6c645:   55 56 41 56 41 57 48 8d 6c 24 c1 48 81 ec 88 00
0x00007ffbeba6c655:   00 00 45 33 ff 4c 89 45 ff 44 88 3a 49 8b f0 48
0x00007ffbeba6c665:   8b 81 e0 00 00 00 4c 8b f1 48 89 45 f7 48 85 c0
0x00007ffbeba6c675:   74 14 49 8b 88 40 02 00 00 48 8d 55 67 48 89 45
0x00007ffbeba6c685:   67 e8 85 e3 c9 ff 49 8b 8e e8 00 00 00 48 89 9c
0x00007ffbeba6c695:   24 c8 00 00 00 48 89 bc 24 80 00 00 00 4c 89 64
0x00007ffbeba6c6a5:   24 78 4c 89 6c 24 70 48 89 4d 67 48 85 c9 0f 84
0x00007ffbeba6c6b5:   9d 00 00 00 8b 11 8b c2 25 03 00 00 80 7d 07 ff
0x00007ffbeba6c6c5:   c8 83 c8 fc ff c0 83 f8 02 44 8d 6a fe 41 8b df 


Stack slot to memory mapping:
stack at sp + 0 slots: 0x00000000000003d8 is an unknown value
stack at sp + 1 slots: 0x0000021c47ea7480 is pointing into metadata
stack at sp + 2 slots: 0x00000008013fd860 is a pointer to class: 
org.jetbrains.kotlin.container.CacheKt$$Lambda$968/0x00000008013fd860 {0x00000008013fd868}
 - instance size:     2
 - klass size:        67
 - access:            final synchronized synthetic 
 - state:             fully_initialized
 - name:              'org/jetbrains/kotlin/container/CacheKt$$Lambda$968+0x00000008013fd860'
 - super:             'java/lang/Object'
 - sub:               
 - arrays:            NULL
 - methods:           Array<T>(0x0000021c47e9cc98)
 - method ordering:   Array<T>(0x00000008008f0c90)
 - default_methods:   Array<T>(0x0000000000000000)
 - local interfaces:  Array<T>(0x0000021c47e9cc78)
 - trans. interfaces: Array<T>(0x0000021c47e9cdd0)
 - constants:         constant pool [23] {0x0000021c47e9cb50} for 'org/jetbrains/kotlin/container/CacheKt$$Lambda$968+0x00000008013fd860' cache=0x0000021c47e9cde8
 - class loader data:  loader data: 0x0000021c2cb3b3d0 for instance a 'org/gradle/internal/classloader/VisitableURLClassLoader'{0x00000000806fb120}
 - class annotations:       Array<T>(0x0000000000000000)
 - class type annotations:  Array<T>(0x0000000000000000)
 - field annotations:       Array<T>(0x0000000000000000)
 - field type annotations:  Array<T>(0x0000000000000000)
 - inner classes:     Array<T>(0x00000008005cf2e0)
 - nest members:     Array<T>(0x00000008005cf2e0)
 - permitted subclasses:     Array<T>(0x00000008005cf2e0)
 - java mirror:       a 'java/lang/Class'{0x0000000083cc56c8} = 'org/jetbrains/kotlin/container/CacheKt$$Lambda$968+0x00000008013fd860'
 - vtable length      5  (start addr: 0x00000008013fda28)
 - itable length      5 (start addr: 0x00000008013fda50)
 - ---- static fields (0 words):
 - ---- non-static fields (0 words):
 - non-static oop maps: 
stack at sp + 3 slots: 0x0000021c2cb6bab0 points into unknown readable memory: 0x0000000000000000 | 00 00 00 00 00 00 00 00
stack at sp + 4 slots: 0x0000021c2cb6be98 points into unknown readable memory: 0x80000900b23789d5 | d5 89 37 b2 00 09 00 80
stack at sp + 5 slots: 0x0000021c2cb4b850 points into unknown readable memory: 0x0000021c00000002 | 02 00 00 00 1c 02 00 00
stack at sp + 6 slots: 0x0000021c2cb6bab0 points into unknown readable memory: 0x0000000000000000 | 00 00 00 00 00 00 00 00
stack at sp + 7 slots: 0x0000021c2cb6bac0 points into unknown readable memory: 0x6274656a2e67726f | 6f 72 67 2e 6a 65 74 62


---------------  P R O C E S S  ---------------

Threads class SMR info:
_java_thread_list=0x0000021c3d841490, length=253, elements={
0x0000021c0b827420, 0x0000021c2c79ed50, 0x0000021c2c79f810, 0x0000021c2c7b9190,
0x0000021c2c7b9a50, 0x0000021c2c7ba310, 0x0000021c2c7babd0, 0x0000021c2c7bb7c0,
0x0000021c2c7bc170, 0x0000021c2c7bda80, 0x0000021c2c95e7c0, 0x0000021c2cb18f80,
0x0000021c2f864480, 0x0000021c2d6e6520, 0x0000021c2fb806b0, 0x0000021c2f51e510,
0x0000021c2fb84e30, 0x0000021c2f4b8da0, 0x0000021c2f4b9640, 0x0000021c2f418010,
0x0000021c2f4189b0, 0x0000021c2f414ff0, 0x0000021c2f4184e0, 0x0000021c2f416800,
0x0000021c2f416cd0, 0x0000021c2f4171a0, 0x0000021c2f417670, 0x0000021c2f417b40,
0x0000021c3039f230, 0x0000021c3039fbd0, 0x0000021c3039d080, 0x0000021c3039e3c0,
0x0000021c303a00a0, 0x0000021c353f4dd0, 0x0000021c3ec46d80, 0x0000021c3ec45a40,
0x0000021c3ec45f10, 0x0000021c3ec463e0, 0x0000021c3ec468b0, 0x0000021c37861080,
0x0000021c37860bb0, 0x0000021c3785eed0, 0x0000021c37860210, 0x0000021c378606e0,
0x0000021c3785f3a0, 0x0000021c37861550, 0x0000021c3785e060, 0x0000021c3785f870,
0x0000021c3785e530, 0x0000021c3800b4b0, 0x0000021c380097d0, 0x0000021c2c8a77b0,
0x0000021c2c8a6470, 0x0000021c2c8a6e10, 0x0000021c2c8a72e0, 0x0000021c2c8a5fa0,
0x0000021c3a33b860, 0x0000021c3a33bd30, 0x0000021c3a3391e0, 0x0000021c38de7c70,
0x0000021c38de8140, 0x0000021c38de8ae0, 0x0000021c34d6ba60, 0x0000021c34d6bf30,
0x0000021c34d6c400, 0x0000021c34d6abf0, 0x0000021c34d6b0c0, 0x0000021c34d6b590,
0x0000021c3afabab0, 0x0000021c3afac920, 0x0000021c3afadc60, 0x0000021c3afab110,
0x0000021c3afacdf0, 0x0000021c3a3396b0, 0x0000021c3a338840, 0x0000021c3a33a520,
0x0000021c3a33b390, 0x0000021c3a338d10, 0x0000021c35e83540, 0x0000021c35e83ee0,
0x0000021c35e84880, 0x0000021c35e83070, 0x0000021c3afaa770, 0x0000021c3afad2c0,
0x0000021c3afab5e0, 0x0000021c3afae130, 0x0000021c3afabf80, 0x0000021c3afaac40,
0x0000021c3afad790, 0x0000021c3afac450, 0x0000021c2dfd4d70, 0x0000021c2dfd3a30,
0x0000021c2dfd48a0, 0x0000021c2dfd5240, 0x0000021c2dfd2bc0, 0x0000021c2dfd1880,
0x0000021c2dfd1d50, 0x0000021c3a33a050, 0x0000021c3a339b80, 0x0000021c2e6b8a60,
0x0000021c2e6b8f30, 0x0000021c2e6b9400, 0x0000021c3b723ea0, 0x0000021c3b7239d0,
0x0000021c3b724370, 0x0000021c3b724840, 0x0000021c3800b980, 0x0000021c3800a640,
0x0000021c38009ca0, 0x0000021c3800ccc0, 0x0000021c3800be50, 0x0000021c38009300,
0x0000021c3800c320, 0x0000021c3800afe0, 0x0000021c3800ab10, 0x0000021c2d75d550,
0x0000021c2d75cbb0, 0x0000021c2d75b870, 0x0000021c3800a170, 0x0000021c3800c7f0,
0x0000021c2e0f8f80, 0x0000021c38d6d380, 0x0000021c3785fd40, 0x0000021c37861a20,
0x0000021c3785ea00, 0x0000021c35430ab0, 0x0000021c354322c0, 0x0000021c3542fc40,
0x0000021c35431df0, 0x0000021c35432790, 0x0000021c34995a70, 0x0000021c34994730,
0x0000021c349955a0, 0x0000021c3a33aec0, 0x0000021c3a33c200, 0x0000021c35432c60,
0x0000021c2c9d43f0, 0x0000021c34995f40, 0x0000021c37b38770, 0x0000021c37b382a0,
0x0000021c37b38c40, 0x0000021c37b37900, 0x0000021c37b37430, 0x0000021c37b37dd0,
0x0000021c303a1d80, 0x0000021c303a48d0, 0x0000021c2c9d4d90, 0x0000021c32dee120,
0x0000021c357e3620, 0x0000021c357e5300, 0x0000021c357e3af0, 0x0000021c2e0f9920,
0x0000021c2d75bd40, 0x0000021c2dfd3090, 0x0000021c330a4900, 0x0000021c330a35c0,
0x0000021c330a2750, 0x0000021c2e0f9df0, 0x0000021c2dfd26f0, 0x0000021c2e0f8ab0,
0x0000021c330a2280, 0x0000021c2e0fa2c0, 0x0000021c3039d550, 0x0000021c39263750,
0x0000021c392640f0, 0x0000021c392645c0, 0x0000021c39264f60, 0x0000021c39264a90,
0x0000021c39263c20, 0x0000021c32b6d3a0, 0x0000021c32b6ca00, 0x0000021c32b6d870,
0x0000021c32b6dd40, 0x0000021c32b6b6c0, 0x0000021c38d7a290, 0x0000021c38d7a760,
0x0000021c38367320, 0x0000021c32b6bb90, 0x0000021c38368190, 0x0000021c38368660,
0x0000021c383699a0, 0x0000021c38368b30, 0x0000021c38369e70, 0x0000021c383677f0,
0x0000021c38367cc0, 0x0000021c2c8a6940, 0x0000021c32b6a380, 0x0000021c32b6ced0,
0x0000021c32b6b1f0, 0x0000021c32b6c060, 0x0000021c32b6c530, 0x0000021c32b6a850,
0x0000021c32b6ad20, 0x0000021c36308c70, 0x0000021c2e0fbad0, 0x0000021c2e0fac60,
0x0000021c2e0fb600, 0x0000021c2d8c42d0, 0x0000021c2d75aa00, 0x0000021c2d75c210,
0x0000021c2d8c3e00, 0x0000021c3a0d0240, 0x0000021c3a0d0be0, 0x0000021c3a0d10b0,
0x0000021c3a9bc1d0, 0x0000021c3a9ba020, 0x0000021c3a9bcb70, 0x0000021c3a9bbd00,
0x0000021c3a9bd510, 0x0000021c3a0cfd70, 0x0000021c3a0d0710, 0x0000021c3a0cf8a0,
0x0000021c2e17c0b0, 0x0000021c2e17bbe0, 0x0000021c2e17c580, 0x0000021c2e17ca50,
0x0000021c2e17cf20, 0x0000021c2e17d3f0, 0x0000021c2e17b240, 0x0000021c363087a0,
0x0000021c36307460, 0x0000021c36307e00, 0x0000021c38d6b6a0, 0x0000021c303a30c0,
0x0000021c353f4900, 0x0000021c2e17dd90, 0x0000021c2d8c47a0, 0x0000021c2d8c4c70,
0x0000021c357e4e30, 0x0000021c357e22e0, 0x0000021c357e27b0, 0x0000021c38d6c040,
0x0000021c303a0570, 0x0000021c38d6ceb0, 0x0000021c36c1ae30, 0x0000021c3e7560e0,
0x0000021c3a9bb360, 0x0000021c3a9ba9c0, 0x0000021c3a9bae90, 0x0000021c32f7ba00,
0x0000021c330a5770, 0x0000021c330a4dd0, 0x0000021c3d45f470, 0x0000021c36c1cb10,
0x0000021c3f631dc0, 0x0000021c3f62eb20, 0x0000021c3f62ff60, 0x0000021c2f0f2220,
0x0000021c2f0f08d0, 0x0000021c3f630e90, 0x0000021c3f630470, 0x0000021c3e5161d0,
0x0000021c3d6a8dc0
}
_to_delete_list=0x0000021c343d5ae0
Skipping _to_delete_list fields and contents for safety.

Java Threads: ( => current thread )
  0x0000021c0b827420 JavaThread "main" [_thread_blocked, id=8440, stack(0x0000004db9700000,0x0000004db9800000)]
  0x0000021c2c79ed50 JavaThread "Reference Handler" daemon [_thread_blocked, id=21756, stack(0x0000004db9e00000,0x0000004db9f00000)]
  0x0000021c2c79f810 JavaThread "Finalizer" daemon [_thread_blocked, id=9804, stack(0x0000004db9f00000,0x0000004dba000000)]
  0x0000021c2c7b9190 JavaThread "Signal Dispatcher" daemon [_thread_blocked, id=20808, stack(0x0000004dba000000,0x0000004dba100000)]
  0x0000021c2c7b9a50 JavaThread "Attach Listener" daemon [_thread_blocked, id=3964, stack(0x0000004dba100000,0x0000004dba200000)]
  0x0000021c2c7ba310 JavaThread "Service Thread" daemon [_thread_blocked, id=21472, stack(0x0000004dba200000,0x0000004dba300000)]
  0x0000021c2c7babd0 JavaThread "Monitor Deflation Thread" daemon [_thread_blocked, id=11036, stack(0x0000004dba300000,0x0000004dba400000)]
  0x0000021c2c7bb7c0 JavaThread "C2 CompilerThread0" daemon [_thread_blocked, id=13872, stack(0x0000004dba400000,0x0000004dba500000)]
  0x0000021c2c7bc170 JavaThread "C1 CompilerThread0" daemon [_thread_blocked, id=7704, stack(0x0000004dba500000,0x0000004dba600000)]
  0x0000021c2c7bda80 JavaThread "Sweeper thread" daemon [_thread_blocked, id=23480, stack(0x0000004dba600000,0x0000004dba700000)]
  0x0000021c2c95e7c0 JavaThread "Common-Cleaner" daemon [_thread_blocked, id=4368, stack(0x0000004dba700000,0x0000004dba800000)]
  0x0000021c2cb18f80 JavaThread "Notification Thread" daemon [_thread_blocked, id=23212, stack(0x0000004dbac00000,0x0000004dbad00000)]
  0x0000021c2f864480 JavaThread "Daemon health stats" [_thread_blocked, id=8112, stack(0x0000004dbb000000,0x0000004dbb100000)]
  0x0000021c2d6e6520 JavaThread "Incoming local TCP Connector on port 63078" [_thread_in_native, id=11716, stack(0x0000004dbb100000,0x0000004dbb200000)]
  0x0000021c2fb806b0 JavaThread "Daemon periodic checks" [_thread_blocked, id=23248, stack(0x0000004dbb700000,0x0000004dbb800000)]
  0x0000021c2f51e510 JavaThread "Daemon" [_thread_blocked, id=15852, stack(0x0000004dbb800000,0x0000004dbb900000)]
  0x0000021c2fb84e30 JavaThread "Handler for socket connection from /127.0.0.1:63078 to /127.0.0.1:63079" [_thread_in_native, id=16148, stack(0x0000004dbb900000,0x0000004dbba00000)]
  0x0000021c2f4b8da0 JavaThread "Cancel handler" [_thread_blocked, id=23268, stack(0x0000004dbba00000,0x0000004dbbb00000)]
  0x0000021c2f4b9640 JavaThread "Daemon worker" [_thread_blocked, id=18956, stack(0x0000004dbbb00000,0x0000004dbbc00000)]
  0x0000021c2f418010 JavaThread "Asynchronous log dispatcher for DefaultDaemonConnection: socket connection from /127.0.0.1:63078 to /127.0.0.1:63079" [_thread_blocked, id=14068, stack(0x0000004dbbc00000,0x0000004dbbd00000)]
  0x0000021c2f4189b0 JavaThread "Stdin handler" [_thread_blocked, id=16640, stack(0x0000004dbbd00000,0x0000004dbbe00000)]
  0x0000021c2f414ff0 JavaThread "Daemon client event forwarder" [_thread_blocked, id=9748, stack(0x0000004dbbe00000,0x0000004dbbf00000)]
  0x0000021c2f4184e0 JavaThread "Cache worker for journal cache (C:\Users\adris\.gradle\caches\journal-1)" [_thread_blocked, id=2456, stack(0x0000004dbbf00000,0x0000004dbc000000)]
  0x0000021c2f416800 JavaThread "File lock request listener" [_thread_in_native, id=3424, stack(0x0000004dbc000000,0x0000004dbc100000)]
  0x0000021c2f416cd0 JavaThread "Cache worker for file hash cache (C:\Users\adris\.gradle\caches\9.3.1\fileHashes)" [_thread_blocked, id=18364, stack(0x0000004dbc100000,0x0000004dbc200000)]
  0x0000021c2f4171a0 JavaThread "Cache worker for file hash cache (C:\Users\adris\Desktop\Samsung hack\Samsung_hack\android\.gradle\9.3.1\fileHashes)" [_thread_blocked, id=9036, stack(0x0000004dbca00000,0x0000004dbcb00000)]
  0x0000021c2f417670 JavaThread "Cache worker for Build Output Cleanup Cache (C:\Users\adris\Desktop\Samsung hack\Samsung_hack\android\.gradle\buildOutputCleanup)" [_thread_blocked, id=14004, stack(0x0000004dbcb00000,0x0000004dbcc00000)]
  0x0000021c2f417b40 JavaThread "File watcher server" daemon [_thread_blocked, id=22104, stack(0x0000004dbcc00000,0x0000004dbcd00000)]
  0x0000021c3039f230 JavaThread "File watcher consumer" daemon [_thread_blocked, id=13928, stack(0x0000004dbcd00000,0x0000004dbce00000)]
  0x0000021c3039fbd0 JavaThread "Cache worker for checksums cache (C:\Users\adris\Desktop\Samsung hack\Samsung_hack\android\.gradle\9.3.1\checksums)" [_thread_blocked, id=23428, stack(0x0000004dbce00000,0x0000004dbcf00000)]
  0x0000021c3039d080 JavaThread "Cache worker for file content cache (C:\Users\adris\.gradle\caches\9.3.1\fileContent)" [_thread_blocked, id=6880, stack(0x0000004dbc900000,0x0000004dbca00000)]
  0x0000021c3039e3c0 JavaThread "Cache worker for cache directory md-supplier (C:\Users\adris\.gradle\caches\9.3.1\md-supplier)" [_thread_blocked, id=15024, stack(0x0000004dbcf00000,0x0000004dbd000000)]
  0x0000021c303a00a0 JavaThread "Cache worker for cache directory md-rule (C:\Users\adris\.gradle\caches\9.3.1\md-rule)" [_thread_blocked, id=22988, stack(0x0000004dbd000000,0x0000004dbd100000)]
  0x0000021c353f4dd0 JavaThread "Kotlin DSL Writer" [_thread_blocked, id=18280, stack(0x0000004dbaa00000,0x0000004dbab00000)]
  0x0000021c3ec46d80 JavaThread "Unconstrained build operations" [_thread_blocked, id=16712, stack(0x0000004dbab00000,0x0000004dbac00000)]
  0x0000021c3ec45a40 JavaThread "Unconstrained build operations Thread 2" [_thread_blocked, id=3160, stack(0x0000004dbd200000,0x0000004dbd300000)]
  0x0000021c3ec45f10 JavaThread "Unconstrained build operations Thread 3" [_thread_blocked, id=11984, stack(0x0000004dbd400000,0x0000004dbd500000)]
  0x0000021c3ec463e0 JavaThread "Unconstrained build operations Thread 4" [_thread_blocked, id=16600, stack(0x0000004dbd500000,0x0000004dbd600000)]
  0x0000021c3ec468b0 JavaThread "Unconstrained build operations Thread 5" [_thread_blocked, id=22420, stack(0x0000004dbd900000,0x0000004dbda00000)]
  0x0000021c37861080 JavaThread "Unconstrained build operations Thread 6" [_thread_blocked, id=18000, stack(0x0000004dbda00000,0x0000004dbdb00000)]
  0x0000021c37860bb0 JavaThread "Unconstrained build operations Thread 7" [_thread_blocked, id=2680, stack(0x0000004dbdb00000,0x0000004dbdc00000)]
  0x0000021c3785eed0 JavaThread "Unconstrained build operations Thread 8" [_thread_blocked, id=6800, stack(0x0000004dbdc00000,0x0000004dbdd00000)]
  0x0000021c37860210 JavaThread "Unconstrained build operations Thread 9" [_thread_blocked, id=15548, stack(0x0000004dbdd00000,0x0000004dbde00000)]
  0x0000021c378606e0 JavaThread "Unconstrained build operations Thread 10" [_thread_blocked, id=3300, stack(0x0000004dbde00000,0x0000004dbdf00000)]
  0x0000021c3785f3a0 JavaThread "Unconstrained build operations Thread 11" [_thread_blocked, id=15672, stack(0x0000004dbdf00000,0x0000004dbe000000)]
  0x0000021c37861550 JavaThread "Unconstrained build operations Thread 12" [_thread_blocked, id=21232, stack(0x0000004dbe100000,0x0000004dbe200000)]
  0x0000021c3785e060 JavaThread "Unconstrained build operations Thread 13" [_thread_blocked, id=7744, stack(0x0000004dbe200000,0x0000004dbe300000)]
  0x0000021c3785f870 JavaThread "Unconstrained build operations Thread 14" [_thread_blocked, id=2972, stack(0x0000004dbe300000,0x0000004dbe400000)]
  0x0000021c3785e530 JavaThread "Unconstrained build operations Thread 15" [_thread_blocked, id=7936, stack(0x0000004dbe400000,0x0000004dbe500000)]
  0x0000021c3800b4b0 JavaThread "Unconstrained build operations Thread 16" [_thread_blocked, id=21132, stack(0x0000004db9600000,0x0000004db9700000)]
  0x0000021c380097d0 JavaThread "Unconstrained build operations Thread 17" [_thread_blocked, id=16824, stack(0x0000004dbe000000,0x0000004dbe100000)]
  0x0000021c2c8a77b0 JavaThread "Unconstrained build operations Thread 18" [_thread_blocked, id=8924, stack(0x0000004dbe500000,0x0000004dbe600000)]
  0x0000021c2c8a6470 JavaThread "Unconstrained build operations Thread 19" [_thread_blocked, id=22560, stack(0x0000004dbe600000,0x0000004dbe700000)]
  0x0000021c2c8a6e10 JavaThread "Unconstrained build operations Thread 20" [_thread_blocked, id=17832, stack(0x0000004dbe700000,0x0000004dbe800000)]
  0x0000021c2c8a72e0 JavaThread "Unconstrained build operations Thread 21" [_thread_blocked, id=4208, stack(0x0000004dbe800000,0x0000004dbe900000)]
  0x0000021c2c8a5fa0 JavaThread "Unconstrained build operations Thread 22" [_thread_blocked, id=11160, stack(0x0000004dbe900000,0x0000004dbea00000)]
  0x0000021c3a33b860 JavaThread "Unconstrained build operations Thread 23" [_thread_blocked, id=19348, stack(0x0000004dbea00000,0x0000004dbeb00000)]
  0x0000021c3a33bd30 JavaThread "Unconstrained build operations Thread 24" [_thread_blocked, id=4640, stack(0x0000004dbeb00000,0x0000004dbec00000)]
  0x0000021c3a3391e0 JavaThread "Unconstrained build operations Thread 25" [_thread_blocked, id=16132, stack(0x0000004dbec00000,0x0000004dbed00000)]
  0x0000021c38de7c70 JavaThread "Unconstrained build operations Thread 26" [_thread_blocked, id=15992, stack(0x0000004dbed00000,0x0000004dbee00000)]
  0x0000021c38de8140 JavaThread "Unconstrained build operations Thread 27" [_thread_blocked, id=8868, stack(0x0000004dbee00000,0x0000004dbef00000)]
  0x0000021c38de8ae0 JavaThread "Unconstrained build operations Thread 28" [_thread_blocked, id=22684, stack(0x0000004dbef00000,0x0000004dbf000000)]
  0x0000021c34d6ba60 JavaThread "Unconstrained build operations Thread 29" [_thread_blocked, id=3120, stack(0x0000004dbf000000,0x0000004dbf100000)]
  0x0000021c34d6bf30 JavaThread "Unconstrained build operations Thread 30" [_thread_blocked, id=21776, stack(0x0000004dbf100000,0x0000004dbf200000)]
  0x0000021c34d6c400 JavaThread "Unconstrained build operations Thread 31" [_thread_blocked, id=1204, stack(0x0000004dbf200000,0x0000004dbf300000)]
  0x0000021c34d6abf0 JavaThread "Unconstrained build operations Thread 32" [_thread_blocked, id=23456, stack(0x0000004dbf300000,0x0000004dbf400000)]
  0x0000021c34d6b0c0 JavaThread "Unconstrained build operations Thread 33" [_thread_blocked, id=9940, stack(0x0000004dbf400000,0x0000004dbf500000)]
  0x0000021c34d6b590 JavaThread "Unconstrained build operations Thread 34" [_thread_blocked, id=12096, stack(0x0000004dbf500000,0x0000004dbf600000)]
  0x0000021c3afabab0 JavaThread "Unconstrained build operations Thread 35" [_thread_blocked, id=4452, stack(0x0000004dbf600000,0x0000004dbf700000)]
  0x0000021c3afac920 JavaThread "Unconstrained build operations Thread 36" [_thread_blocked, id=14400, stack(0x0000004dbf700000,0x0000004dbf800000)]
  0x0000021c3afadc60 JavaThread "Unconstrained build operations Thread 37" [_thread_blocked, id=11992, stack(0x0000004dbf800000,0x0000004dbf900000)]
  0x0000021c3afab110 JavaThread "Unconstrained build operations Thread 38" [_thread_blocked, id=21688, stack(0x0000004dbf900000,0x0000004dbfa00000)]
  0x0000021c3afacdf0 JavaThread "Unconstrained build operations Thread 39" [_thread_blocked, id=14948, stack(0x0000004dbfa00000,0x0000004dbfb00000)]
  0x0000021c3a3396b0 JavaThread "Unconstrained build operations Thread 40" [_thread_blocked, id=16624, stack(0x0000004dbfc00000,0x0000004dbfd00000)]
  0x0000021c3a338840 JavaThread "Unconstrained build operations Thread 41" [_thread_blocked, id=23448, stack(0x0000004dbfd00000,0x0000004dbfe00000)]
  0x0000021c3a33a520 JavaThread "Unconstrained build operations Thread 42" [_thread_blocked, id=16696, stack(0x0000004dbfe00000,0x0000004dbff00000)]
  0x0000021c3a33b390 JavaThread "Unconstrained build operations Thread 43" [_thread_blocked, id=23540, stack(0x0000004dbff00000,0x0000004dc0000000)]
  0x0000021c3a338d10 JavaThread "Unconstrained build operations Thread 44" [_thread_blocked, id=7740, stack(0x0000004dc0000000,0x0000004dc0100000)]
  0x0000021c35e83540 JavaThread "Unconstrained build operations Thread 45" [_thread_blocked, id=14124, stack(0x0000004dbfb00000,0x0000004dbfc00000)]
  0x0000021c35e83ee0 JavaThread "Unconstrained build operations Thread 46" [_thread_blocked, id=7048, stack(0x0000004dc0100000,0x0000004dc0200000)]
  0x0000021c35e84880 JavaThread "Unconstrained build operations Thread 47" [_thread_blocked, id=22492, stack(0x0000004dc0200000,0x0000004dc0300000)]
  0x0000021c35e83070 JavaThread "Unconstrained build operations Thread 48" [_thread_blocked, id=13980, stack(0x0000004dc0300000,0x0000004dc0400000)]
  0x0000021c3afaa770 JavaThread "Unconstrained build operations Thread 49" [_thread_blocked, id=22972, stack(0x0000004dc0400000,0x0000004dc0500000)]
  0x0000021c3afad2c0 JavaThread "Unconstrained build operations Thread 50" [_thread_blocked, id=3024, stack(0x0000004dc0500000,0x0000004dc0600000)]
  0x0000021c3afab5e0 JavaThread "Unconstrained build operations Thread 51" [_thread_blocked, id=22820, stack(0x0000004dc0600000,0x0000004dc0700000)]
  0x0000021c3afae130 JavaThread "Unconstrained build operations Thread 52" [_thread_blocked, id=16484, stack(0x0000004dc0700000,0x0000004dc0800000)]
  0x0000021c3afabf80 JavaThread "Unconstrained build operations Thread 53" [_thread_blocked, id=3940, stack(0x0000004dc0800000,0x0000004dc0900000)]
  0x0000021c3afaac40 JavaThread "Unconstrained build operations Thread 54" [_thread_blocked, id=7412, stack(0x0000004dc0900000,0x0000004dc0a00000)]
  0x0000021c3afad790 JavaThread "Unconstrained build operations Thread 55" [_thread_blocked, id=20696, stack(0x0000004dc0a00000,0x0000004dc0b00000)]
  0x0000021c3afac450 JavaThread "Unconstrained build operations Thread 56" [_thread_blocked, id=21772, stack(0x0000004dc0b00000,0x0000004dc0c00000)]
  0x0000021c2dfd4d70 JavaThread "Unconstrained build operations Thread 57" [_thread_blocked, id=23108, stack(0x0000004dbd600000,0x0000004dbd700000)]
  0x0000021c2dfd3a30 JavaThread "Unconstrained build operations Thread 58" [_thread_blocked, id=12132, stack(0x0000004dc0c00000,0x0000004dc0d00000)]
  0x0000021c2dfd48a0 JavaThread "Unconstrained build operations Thread 59" [_thread_blocked, id=11548, stack(0x0000004dc0d00000,0x0000004dc0e00000)]
  0x0000021c2dfd5240 JavaThread "Unconstrained build operations Thread 60" [_thread_blocked, id=3052, stack(0x0000004dc0e00000,0x0000004dc0f00000)]
  0x0000021c2dfd2bc0 JavaThread "Unconstrained build operations Thread 61" [_thread_blocked, id=19748, stack(0x0000004dc0f00000,0x0000004dc1000000)]
  0x0000021c2dfd1880 JavaThread "Unconstrained build operations Thread 62" [_thread_blocked, id=23096, stack(0x0000004dc1000000,0x0000004dc1100000)]
  0x0000021c2dfd1d50 JavaThread "Unconstrained build operations Thread 63" [_thread_blocked, id=14988, stack(0x0000004dc1100000,0x0000004dc1200000)]
  0x0000021c3a33a050 JavaThread "Unconstrained build operations Thread 64" [_thread_blocked, id=23184, stack(0x0000004dbd300000,0x0000004dbd400000)]
  0x0000021c3a339b80 JavaThread "Unconstrained build operations Thread 65" [_thread_blocked, id=22816, stack(0x0000004dc1200000,0x0000004dc1300000)]
  0x0000021c2e6b8a60 JavaThread "Unconstrained build operations Thread 66" [_thread_blocked, id=21224, stack(0x0000004dc1500000,0x0000004dc1600000)]
  0x0000021c2e6b8f30 JavaThread "Unconstrained build operations Thread 67" [_thread_blocked, id=23488, stack(0x0000004dc1600000,0x0000004dc1700000)]
  0x0000021c2e6b9400 JavaThread "Unconstrained build operations Thread 68" [_thread_blocked, id=6052, stack(0x0000004dc1300000,0x0000004dc1400000)]
  0x0000021c3b723ea0 JavaThread "Unconstrained build operations Thread 69" [_thread_blocked, id=15128, stack(0x0000004dc1400000,0x0000004dc1500000)]
  0x0000021c3b7239d0 JavaThread "Unconstrained build operations Thread 70" [_thread_blocked, id=3248, stack(0x0000004dbd100000,0x0000004dbd200000)]
  0x0000021c3b724370 JavaThread "Unconstrained build operations Thread 71" [_thread_blocked, id=23216, stack(0x0000004dc1700000,0x0000004dc1800000)]
  0x0000021c3b724840 JavaThread "Unconstrained build operations Thread 72" [_thread_blocked, id=1656, stack(0x0000004dc1800000,0x0000004dc1900000)]
  0x0000021c3800b980 JavaThread "Unconstrained build operations Thread 73" [_thread_blocked, id=17532, stack(0x0000004dc1a00000,0x0000004dc1b00000)]
  0x0000021c3800a640 JavaThread "Unconstrained build operations Thread 74" [_thread_blocked, id=1488, stack(0x0000004dc1b00000,0x0000004dc1c00000)]
  0x0000021c38009ca0 JavaThread "Unconstrained build operations Thread 75" [_thread_blocked, id=3720, stack(0x0000004dc1c00000,0x0000004dc1d00000)]
  0x0000021c3800ccc0 JavaThread "Unconstrained build operations Thread 76" [_thread_blocked, id=14668, stack(0x0000004dc1d00000,0x0000004dc1e00000)]
  0x0000021c3800be50 JavaThread "Unconstrained build operations Thread 77" [_thread_blocked, id=4272, stack(0x0000004dc1e00000,0x0000004dc1f00000)]
  0x0000021c38009300 JavaThread "Unconstrained build operations Thread 78" [_thread_blocked, id=17068, stack(0x0000004dc1f00000,0x0000004dc2000000)]
  0x0000021c3800c320 JavaThread "Unconstrained build operations Thread 79" [_thread_blocked, id=20680, stack(0x0000004dc2000000,0x0000004dc2100000)]
  0x0000021c3800afe0 JavaThread "Unconstrained build operations Thread 80" [_thread_blocked, id=22940, stack(0x0000004dc2100000,0x0000004dc2200000)]
  0x0000021c3800ab10 JavaThread "Unconstrained build operations Thread 81" [_thread_blocked, id=10484, stack(0x0000004dc2200000,0x0000004dc2300000)]
  0x0000021c2d75d550 JavaThread "Unconstrained build operations Thread 82" [_thread_blocked, id=10056, stack(0x0000004dc2300000,0x0000004dc2400000)]
  0x0000021c2d75cbb0 JavaThread "Unconstrained build operations Thread 83" [_thread_blocked, id=8504, stack(0x0000004dc2400000,0x0000004dc2500000)]
  0x0000021c2d75b870 JavaThread "Unconstrained build operations Thread 84" [_thread_blocked, id=16724, stack(0x0000004dc2500000,0x0000004dc2600000)]
  0x0000021c3800a170 JavaThread "Unconstrained build operations Thread 85" [_thread_blocked, id=18740, stack(0x0000004dc2600000,0x0000004dc2700000)]
  0x0000021c3800c7f0 JavaThread "Unconstrained build operations Thread 86" [_thread_blocked, id=1756, stack(0x0000004dc2700000,0x0000004dc2800000)]
  0x0000021c2e0f8f80 JavaThread "Unconstrained build operations Thread 87" [_thread_blocked, id=9288, stack(0x0000004dc2800000,0x0000004dc2900000)]
  0x0000021c38d6d380 JavaThread "Unconstrained build operations Thread 88" [_thread_blocked, id=13996, stack(0x0000004db9400000,0x0000004db9500000)]
  0x0000021c3785fd40 JavaThread "Unconstrained build operations Thread 89" [_thread_blocked, id=2036, stack(0x0000004db9500000,0x0000004db9600000)]
  0x0000021c37861a20 JavaThread "Unconstrained build operations Thread 90" [_thread_blocked, id=8892, stack(0x0000004dc2b00000,0x0000004dc2c00000)]
  0x0000021c3785ea00 JavaThread "Unconstrained build operations Thread 91" [_thread_blocked, id=22252, stack(0x0000004dc2d00000,0x0000004dc2e00000)]
  0x0000021c35430ab0 JavaThread "Unconstrained build operations Thread 92" [_thread_blocked, id=21648, stack(0x0000004dc3100000,0x0000004dc3200000)]
  0x0000021c354322c0 JavaThread "Unconstrained build operations Thread 93" [_thread_blocked, id=10656, stack(0x0000004dc3200000,0x0000004dc3300000)]
  0x0000021c3542fc40 JavaThread "Unconstrained build operations Thread 94" [_thread_blocked, id=20828, stack(0x0000004dc3300000,0x0000004dc3400000)]
  0x0000021c35431df0 JavaThread "Unconstrained build operations Thread 95" [_thread_blocked, id=16836, stack(0x0000004dc3400000,0x0000004dc3500000)]
  0x0000021c35432790 JavaThread "Unconstrained build operations Thread 96" [_thread_blocked, id=22076, stack(0x0000004dc3500000,0x0000004dc3600000)]
  0x0000021c34995a70 JavaThread "Unconstrained build operations Thread 97" [_thread_blocked, id=1960, stack(0x0000004dc3900000,0x0000004dc3a00000)]
  0x0000021c34994730 JavaThread "Unconstrained build operations Thread 98" [_thread_blocked, id=4700, stack(0x0000004dc3a00000,0x0000004dc3b00000)]
  0x0000021c349955a0 JavaThread "Unconstrained build operations Thread 99" [_thread_blocked, id=7124, stack(0x0000004dc3b00000,0x0000004dc3c00000)]
  0x0000021c3a33aec0 JavaThread "Unconstrained build operations Thread 100" [_thread_blocked, id=6508, stack(0x0000004dc3c00000,0x0000004dc3d00000)]
  0x0000021c3a33c200 JavaThread "Unconstrained build operations Thread 101" [_thread_blocked, id=3980, stack(0x0000004dc3d00000,0x0000004dc3e00000)]
  0x0000021c35432c60 JavaThread "Unconstrained build operations Thread 102" [_thread_blocked, id=22996, stack(0x0000004dc3e00000,0x0000004dc3f00000)]
  0x0000021c2c9d43f0 JavaThread "Unconstrained build operations Thread 103" [_thread_blocked, id=19976, stack(0x0000004dc3f00000,0x0000004dc4000000)]
  0x0000021c34995f40 JavaThread "Unconstrained build operations Thread 104" [_thread_blocked, id=8276, stack(0x0000004dc4000000,0x0000004dc4100000)]
  0x0000021c37b38770 JavaThread "Unconstrained build operations Thread 105" [_thread_blocked, id=7000, stack(0x0000004dc4100000,0x0000004dc4200000)]
  0x0000021c37b382a0 JavaThread "Unconstrained build operations Thread 106" [_thread_blocked, id=16348, stack(0x0000004dc4200000,0x0000004dc4300000)]
  0x0000021c37b38c40 JavaThread "Unconstrained build operations Thread 107" [_thread_blocked, id=4240, stack(0x0000004dc4300000,0x0000004dc4400000)]
  0x0000021c37b37900 JavaThread "Unconstrained build operations Thread 108" [_thread_blocked, id=16524, stack(0x0000004dc4400000,0x0000004dc4500000)]
  0x0000021c37b37430 JavaThread "Unconstrained build operations Thread 109" [_thread_blocked, id=8928, stack(0x0000004dc4500000,0x0000004dc4600000)]
  0x0000021c37b37dd0 JavaThread "Unconstrained build operations Thread 110" [_thread_blocked, id=8200, stack(0x0000004dc4600000,0x0000004dc4700000)]
  0x0000021c303a1d80 JavaThread "Unconstrained build operations Thread 111" [_thread_blocked, id=19468, stack(0x0000004dc4700000,0x0000004dc4800000)]
  0x0000021c303a48d0 JavaThread "Unconstrained build operations Thread 112" [_thread_blocked, id=13912, stack(0x0000004dc4800000,0x0000004dc4900000)]
  0x0000021c2c9d4d90 JavaThread "Unconstrained build operations Thread 113" [_thread_blocked, id=17164, stack(0x0000004dc4900000,0x0000004dc4a00000)]
  0x0000021c32dee120 JavaThread "Unconstrained build operations Thread 114" [_thread_blocked, id=6588, stack(0x0000004dc4a00000,0x0000004dc4b00000)]
  0x0000021c357e3620 JavaThread "Unconstrained build operations Thread 115" [_thread_blocked, id=23240, stack(0x0000004dc4b00000,0x0000004dc4c00000)]
  0x0000021c357e5300 JavaThread "Unconstrained build operations Thread 116" [_thread_blocked, id=22432, stack(0x0000004dc4c00000,0x0000004dc4d00000)]
  0x0000021c357e3af0 JavaThread "Unconstrained build operations Thread 117" [_thread_blocked, id=19328, stack(0x0000004dc4d00000,0x0000004dc4e00000)]
  0x0000021c2e0f9920 JavaThread "Memory manager" [_thread_blocked, id=23516, stack(0x0000004dc2900000,0x0000004dc2a00000)]
  0x0000021c2d75bd40 JavaThread "build event listener" [_thread_blocked, id=15612, stack(0x0000004dc2a00000,0x0000004dc2b00000)]
  0x0000021c2dfd3090 JavaThread "ForkJoinPool.commonPool-worker-1" daemon [_thread_blocked, id=7852, stack(0x0000004dc3700000,0x0000004dc3800000)]
  0x0000021c330a4900 JavaThread "ForkJoinPool.commonPool-worker-3" daemon [_thread_blocked, id=18308, stack(0x0000004dc4e00000,0x0000004dc4f00000)]
  0x0000021c330a35c0 JavaThread "ForkJoinPool.commonPool-worker-4" daemon [_thread_blocked, id=22724, stack(0x0000004dc4f00000,0x0000004dc5000000)]
  0x0000021c330a2750 JavaThread "ForkJoinPool.commonPool-worker-5" daemon [_thread_blocked, id=22672, stack(0x0000004dc5000000,0x0000004dc5100000)]
  0x0000021c2e0f9df0 JavaThread "ForkJoinPool.commonPool-worker-6" daemon [_thread_blocked, id=4028, stack(0x0000004dc5100000,0x0000004dc5200000)]
  0x0000021c2dfd26f0 JavaThread "ForkJoinPool.commonPool-worker-7" daemon [_thread_blocked, id=14872, stack(0x0000004dc5200000,0x0000004dc5300000)]
  0x0000021c2e0f8ab0 JavaThread "ForkJoinPool.commonPool-worker-8" daemon [_thread_blocked, id=22660, stack(0x0000004dc5300000,0x0000004dc5400000)]
  0x0000021c330a2280 JavaThread "ForkJoinPool.commonPool-worker-9" daemon [_thread_blocked, id=3200, stack(0x0000004dc5400000,0x0000004dc5500000)]
  0x0000021c2e0fa2c0 JavaThread "ForkJoinPool.commonPool-worker-10" daemon [_thread_blocked, id=12464, stack(0x0000004dc5500000,0x0000004dc5600000)]
  0x0000021c3039d550 JavaThread "included builds" [_thread_blocked, id=3152, stack(0x0000004dc5a00000,0x0000004dc5b00000)]
  0x0000021c39263750 JavaThread "Execution worker" [_thread_blocked, id=14784, stack(0x0000004dc5b00000,0x0000004dc5c00000)]
  0x0000021c392640f0 JavaThread "Execution worker Thread 2" [_thread_blocked, id=7880, stack(0x0000004dc5c00000,0x0000004dc5d00000)]
  0x0000021c392645c0 JavaThread "Execution worker Thread 3" [_thread_blocked, id=2276, stack(0x0000004dc5d00000,0x0000004dc5e00000)]
  0x0000021c39264f60 JavaThread "Execution worker Thread 4" [_thread_blocked, id=21440, stack(0x0000004dc5e00000,0x0000004dc5f00000)]
  0x0000021c39264a90 JavaThread "Execution worker Thread 5" [_thread_blocked, id=20780, stack(0x0000004dc5f00000,0x0000004dc6000000)]
  0x0000021c39263c20 JavaThread "Execution worker Thread 6" [_thread_blocked, id=16012, stack(0x0000004dc6000000,0x0000004dc6100000)]
  0x0000021c32b6d3a0 JavaThread "Execution worker Thread 7" [_thread_blocked, id=8164, stack(0x0000004dc6100000,0x0000004dc6200000)]
  0x0000021c32b6ca00 JavaThread "Execution worker Thread 8" [_thread_blocked, id=10008, stack(0x0000004dc6200000,0x0000004dc6300000)]
  0x0000021c32b6d870 JavaThread "Execution worker Thread 9" [_thread_blocked, id=23356, stack(0x0000004dc6300000,0x0000004dc6400000)]
  0x0000021c32b6dd40 JavaThread "Execution worker Thread 10" [_thread_blocked, id=4992, stack(0x0000004dc6400000,0x0000004dc6500000)]
  0x0000021c32b6b6c0 JavaThread "Execution worker Thread 11" [_thread_blocked, id=18328, stack(0x0000004dc6500000,0x0000004dc6600000)]
  0x0000021c38d7a290 JavaThread "Execution worker Thread 12" [_thread_blocked, id=10072, stack(0x0000004dc6600000,0x0000004dc6700000)]
  0x0000021c38d7a760 JavaThread "Execution worker Thread 13" [_thread_blocked, id=164, stack(0x0000004dc6700000,0x0000004dc6800000)]
  0x0000021c38367320 JavaThread "Execution worker Thread 14" [_thread_blocked, id=14696, stack(0x0000004dc6800000,0x0000004dc6900000)]
  0x0000021c32b6bb90 JavaThread "Execution worker Thread 15" [_thread_blocked, id=2948, stack(0x0000004dc6900000,0x0000004dc6a00000)]
  0x0000021c38368190 JavaThread "Cache worker for execution history cache (C:\Users\adris\Desktop\Samsung hack\Samsung_hack\android\.gradle\9.3.1\executionHistory)" [_thread_blocked, id=9836, stack(0x0000004dc6a00000,0x0000004dc6b00000)]
  0x0000021c38368660 JavaThread "Unconstrained build operations Thread 118" [_thread_blocked, id=10764, stack(0x0000004dc6b00000,0x0000004dc6c00000)]
  0x0000021c383699a0 JavaThread "Unconstrained build operations Thread 119" [_thread_blocked, id=10864, stack(0x0000004dc6c00000,0x0000004dc6d00000)]
  0x0000021c38368b30 JavaThread "Unconstrained build operations Thread 120" [_thread_blocked, id=23436, stack(0x0000004dc6d00000,0x0000004dc6e00000)]
  0x0000021c38369e70 JavaThread "Unconstrained build operations Thread 121" [_thread_blocked, id=16168, stack(0x0000004dc6e00000,0x0000004dc6f00000)]
  0x0000021c383677f0 JavaThread "Unconstrained build operations Thread 122" [_thread_blocked, id=15108, stack(0x0000004dc6f00000,0x0000004dc7000000)]
  0x0000021c38367cc0 JavaThread "Unconstrained build operations Thread 123" [_thread_blocked, id=15552, stack(0x0000004dc7000000,0x0000004dc7100000)]
  0x0000021c2c8a6940 JavaThread "Unconstrained build operations Thread 124" [_thread_blocked, id=8732, stack(0x0000004dc7100000,0x0000004dc7200000)]
  0x0000021c32b6a380 JavaThread "Unconstrained build operations Thread 125" [_thread_blocked, id=19192, stack(0x0000004dc2c00000,0x0000004dc2d00000)]
  0x0000021c32b6ced0 JavaThread "Unconstrained build operations Thread 126" [_thread_blocked, id=7620, stack(0x0000004dc2e00000,0x0000004dc2f00000)]
  0x0000021c32b6b1f0 JavaThread "Unconstrained build operations Thread 127" [_thread_blocked, id=21792, stack(0x0000004dc2f00000,0x0000004dc3000000)]
  0x0000021c32b6c060 JavaThread "Unconstrained build operations Thread 128" [_thread_blocked, id=21144, stack(0x0000004dc3000000,0x0000004dc3100000)]
  0x0000021c32b6c530 JavaThread "Unconstrained build operations Thread 129" [_thread_blocked, id=2112, stack(0x0000004dc3600000,0x0000004dc3700000)]
  0x0000021c32b6a850 JavaThread "Unconstrained build operations Thread 130" [_thread_blocked, id=18532, stack(0x0000004dc1900000,0x0000004dc1a00000)]
  0x0000021c32b6ad20 JavaThread "Unconstrained build operations Thread 131" [_thread_blocked, id=15320, stack(0x0000004dc7200000,0x0000004dc7300000)]
  0x0000021c36308c70 JavaThread "Unconstrained build operations Thread 132" [_thread_blocked, id=3796, stack(0x0000004dc7300000,0x0000004dc7400000)]
  0x0000021c2e0fbad0 JavaThread "Unconstrained build operations Thread 133" [_thread_blocked, id=20020, stack(0x0000004dc7400000,0x0000004dc7500000)]
  0x0000021c2e0fac60 JavaThread "Unconstrained build operations Thread 134" [_thread_blocked, id=23512, stack(0x0000004dc7500000,0x0000004dc7600000)]
  0x0000021c2e0fb600 JavaThread "Unconstrained build operations Thread 135" [_thread_blocked, id=17448, stack(0x0000004dc7600000,0x0000004dc7700000)]
  0x0000021c2d8c42d0 JavaThread "Unconstrained build operations Thread 136" [_thread_blocked, id=9664, stack(0x0000004dc7700000,0x0000004dc7800000)]
  0x0000021c2d75aa00 JavaThread "Unconstrained build operations Thread 137" [_thread_blocked, id=19408, stack(0x0000004dc7800000,0x0000004dc7900000)]
  0x0000021c2d75c210 JavaThread "Unconstrained build operations Thread 138" [_thread_blocked, id=21952, stack(0x0000004dc7900000,0x0000004dc7a00000)]
  0x0000021c2d8c3e00 JavaThread "Unconstrained build operations Thread 139" [_thread_blocked, id=15480, stack(0x0000004dc7a00000,0x0000004dc7b00000)]
  0x0000021c3a0d0240 JavaThread "Unconstrained build operations Thread 140" [_thread_blocked, id=8812, stack(0x0000004dc7b00000,0x0000004dc7c00000)]
  0x0000021c3a0d0be0 JavaThread "Unconstrained build operations Thread 141" [_thread_blocked, id=23028, stack(0x0000004dc7c00000,0x0000004dc7d00000)]
  0x0000021c3a0d10b0 JavaThread "Unconstrained build operations Thread 142" [_thread_blocked, id=3548, stack(0x0000004dc7d00000,0x0000004dc7e00000)]
  0x0000021c3a9bc1d0 JavaThread "Unconstrained build operations Thread 143" [_thread_blocked, id=10688, stack(0x0000004dc7f00000,0x0000004dc8000000)]
  0x0000021c3a9ba020 JavaThread "Unconstrained build operations Thread 144" [_thread_blocked, id=8300, stack(0x0000004dc8000000,0x0000004dc8100000)]
  0x0000021c3a9bcb70 JavaThread "Unconstrained build operations Thread 145" [_thread_blocked, id=6312, stack(0x0000004dc8100000,0x0000004dc8200000)]
  0x0000021c3a9bbd00 JavaThread "Unconstrained build operations Thread 146" [_thread_blocked, id=3716, stack(0x0000004dc8200000,0x0000004dc8300000)]
  0x0000021c3a9bd510 JavaThread "Unconstrained build operations Thread 147" [_thread_blocked, id=15536, stack(0x0000004dc8300000,0x0000004dc8400000)]
  0x0000021c3a0cfd70 JavaThread "Unconstrained build operations Thread 148" [_thread_blocked, id=19476, stack(0x0000004dc8400000,0x0000004dc8500000)]
  0x0000021c3a0d0710 JavaThread "Unconstrained build operations Thread 149" [_thread_blocked, id=6304, stack(0x0000004dc8500000,0x0000004dc8600000)]
  0x0000021c3a0cf8a0 JavaThread "Unconstrained build operations Thread 150" [_thread_blocked, id=7392, stack(0x0000004dc8600000,0x0000004dc8700000)]
  0x0000021c2e17c0b0 JavaThread "Unconstrained build operations Thread 151" [_thread_blocked, id=23068, stack(0x0000004dc8700000,0x0000004dc8800000)]
  0x0000021c2e17bbe0 JavaThread "Unconstrained build operations Thread 152" [_thread_blocked, id=16700, stack(0x0000004dc8800000,0x0000004dc8900000)]
  0x0000021c2e17c580 JavaThread "Unconstrained build operations Thread 153" [_thread_blocked, id=9736, stack(0x0000004dc8900000,0x0000004dc8a00000)]
  0x0000021c2e17ca50 JavaThread "Unconstrained build operations Thread 154" [_thread_blocked, id=3640, stack(0x0000004dc8a00000,0x0000004dc8b00000)]
  0x0000021c2e17cf20 JavaThread "Unconstrained build operations Thread 155" [_thread_blocked, id=20116, stack(0x0000004dc8b00000,0x0000004dc8c00000)]
  0x0000021c2e17d3f0 JavaThread "Unconstrained build operations Thread 156" [_thread_blocked, id=17508, stack(0x0000004dc8c00000,0x0000004dc8d00000)]
  0x0000021c2e17b240 JavaThread "Unconstrained build operations Thread 157" [_thread_blocked, id=14408, stack(0x0000004dc8d00000,0x0000004dc8e00000)]
  0x0000021c363087a0 JavaThread "Unconstrained build operations Thread 158" [_thread_blocked, id=13352, stack(0x0000004dc8e00000,0x0000004dc8f00000)]
  0x0000021c36307460 JavaThread "Unconstrained build operations Thread 159" [_thread_blocked, id=3628, stack(0x0000004dc8f00000,0x0000004dc9000000)]
  0x0000021c36307e00 JavaThread "Unconstrained build operations Thread 160" [_thread_blocked, id=7024, stack(0x0000004dc9000000,0x0000004dc9100000)]
  0x0000021c38d6b6a0 JavaThread "WorkerExecutor Queue" [_thread_in_native, id=2864, stack(0x0000004dc9100000,0x0000004dc9200000)]
  0x0000021c303a30c0 JavaThread "WorkerExecutor Queue Thread 2" [_thread_blocked, id=8844, stack(0x0000004dc9200000,0x0000004dc9300000)]
  0x0000021c353f4900 JavaThread "WorkerExecutor Queue Thread 3" [_thread_blocked, id=4784, stack(0x0000004dc9300000,0x0000004dc9400000)]
  0x0000021c2e17dd90 JavaThread "WorkerExecutor Queue Thread 4" [_thread_blocked, id=22912, stack(0x0000004dc9600000,0x0000004dc9700000)]
  0x0000021c2d8c47a0 JavaThread "WorkerExecutor Queue Thread 5" [_thread_blocked, id=11628, stack(0x0000004dc9700000,0x0000004dc9800000)]
  0x0000021c2d8c4c70 JavaThread "WorkerExecutor Queue Thread 6" [_thread_blocked, id=19992, stack(0x0000004dc7e00000,0x0000004dc7f00000)]
  0x0000021c357e4e30 JavaThread "RMI Scheduler(0)" daemon [_thread_blocked, id=10776, stack(0x0000004dc5600000,0x0000004dc5700000)]
  0x0000021c357e22e0 JavaThread "RMI RenewClean-[127.0.0.1:17612,org.jetbrains.kotlin.daemon.common.LoopbackNetworkInterface$ClientLoopbackSocketFactory@652f3564]" daemon [_thread_blocked, id=16304, stack(0x0000004dc5800000,0x0000004dc5900000)]
  0x0000021c357e27b0 JavaThread "RMI GC Daemon" daemon [_thread_blocked, id=2280, stack(0x0000004dc5900000,0x0000004dc5a00000)]
  0x0000021c38d6c040 JavaThread "RMI TCP Accept-0" daemon [_thread_in_native, id=17684, stack(0x0000004dc9800000,0x0000004dc9900000)]
  0x0000021c303a0570 JavaThread "RMI Reaper" [_thread_blocked, id=19376, stack(0x0000004dc9900000,0x0000004dc9a00000)]
  0x0000021c38d6ceb0 JavaThread "RMI TCP Connection(1)-127.0.0.1" daemon [_thread_in_native, id=1516, stack(0x0000004dc9a00000,0x0000004dc9b00000)]
  0x0000021c36c1ae30 JavaThread "WorkerExecutor Queue Thread 7" [_thread_blocked, id=5132, stack(0x0000004dc3800000,0x0000004dc3900000)]
  0x0000021c3e7560e0 JavaThread "WorkerExecutor Queue Thread 9" [_thread_blocked, id=17608, stack(0x0000004dca400000,0x0000004dca500000)]
  0x0000021c3a9bb360 JavaThread "WorkerExecutor Queue Thread 11" [_thread_blocked, id=8424, stack(0x0000004dca600000,0x0000004dca700000)]
  0x0000021c3a9ba9c0 JavaThread "WorkerExecutor Queue Thread 12" [_thread_blocked, id=22300, stack(0x0000004dca700000,0x0000004dca800000)]
  0x0000021c3a9bae90 JavaThread "WorkerExecutor Queue Thread 13" [_thread_blocked, id=11476, stack(0x0000004dca800000,0x0000004dca900000)]
  0x0000021c32f7ba00 JavaThread "WorkerExecutor Queue Thread 14" [_thread_blocked, id=12148, stack(0x0000004dca900000,0x0000004dcaa00000)]
  0x0000021c330a5770 JavaThread "WorkerExecutor Queue Thread 15" [_thread_blocked, id=23176, stack(0x0000004dcaa00000,0x0000004dcab00000)]
  0x0000021c330a4dd0 JavaThread "WorkerExecutor Queue Thread 16" [_thread_blocked, id=3404, stack(0x0000004dcab00000,0x0000004dcac00000)]
  0x0000021c3d45f470 JavaThread "C2 CompilerThread1" daemon [_thread_blocked, id=16128, stack(0x0000004dba800000,0x0000004dba900000)]
  0x0000021c36c1cb10 JavaThread "WorkerExecutor Queue Thread 17" [_thread_blocked, id=22716, stack(0x0000004dc9c00000,0x0000004dc9d00000)]
  0x0000021c3f631dc0 JavaThread "C1 CompilerThread1" daemon [_thread_blocked, id=15428, stack(0x0000004dc9d00000,0x0000004dc9e00000)]
  0x0000021c3f62eb20 JavaThread "C1 CompilerThread2" daemon [_thread_blocked, id=16664, stack(0x0000004dc9e00000,0x0000004dc9f00000)]
  0x0000021c3f62ff60 JavaThread "C1 CompilerThread3" daemon [_thread_blocked, id=15484, stack(0x0000004dc9f00000,0x0000004dca000000)]
  0x0000021c2f0f2220 JavaThread "C2 CompilerThread2" daemon [_thread_blocked, id=19240, stack(0x0000004dc5700000,0x0000004dc5800000)]
  0x0000021c2f0f08d0 JavaThread "C2 CompilerThread3" daemon [_thread_blocked, id=11712, stack(0x0000004dc9b00000,0x0000004dc9c00000)]
  0x0000021c3f630e90 JavaThread "C2 CompilerThread4" daemon [_thread_blocked, id=7144, stack(0x0000004dca000000,0x0000004dca100000)]
  0x0000021c3f630470 JavaThread "C2 CompilerThread5" daemon [_thread_in_native, id=20988, stack(0x0000004dca100000,0x0000004dca200000)]
  0x0000021c3e5161d0 JavaThread "C2 CompilerThread6" daemon [_thread_blocked, id=13536, stack(0x0000004dca200000,0x0000004dca300000)]
  0x0000021c3d6a8dc0 JavaThread "C2 CompilerThread7" daemon [_thread_blocked, id=1644, stack(0x0000004dcac00000,0x0000004dcad00000)]

Other Threads:
  0x0000021c2c79c710 VMThread "VM Thread" [stack: 0x0000004db9d00000,0x0000004db9e00000] [id=1652]
  0x0000021c0b8a4da0 WatcherThread [stack: 0x0000004dbad00000,0x0000004dbae00000] [id=22796]
  0x0000021c0b886e90 GCTaskThread "GC Thread#0" [stack: 0x0000004db9800000,0x0000004db9900000] [id=3016]
  0x0000021c2dd0ecd0 GCTaskThread "GC Thread#1" [stack: 0x0000004dbb200000,0x0000004dbb300000] [id=17504]
  0x0000021c2cb697c0 GCTaskThread "GC Thread#2" [stack: 0x0000004dbb300000,0x0000004dbb400000] [id=17776]
=>0x0000021c2e375560 GCTaskThread "GC Thread#3" [stack: 0x0000004dbb400000,0x0000004dbb500000] [id=23332]
  0x0000021c2db5a5c0 GCTaskThread "GC Thread#4" [stack: 0x0000004dbb500000,0x0000004dbb600000] [id=16684]
  0x0000021c2e18d200 GCTaskThread "GC Thread#5" [stack: 0x0000004dbb600000,0x0000004dbb700000] [id=11892]
  0x0000021c2dd31930 GCTaskThread "GC Thread#6" [stack: 0x0000004dbae00000,0x0000004dbaf00000] [id=18564]
  0x0000021c2dd30910 GCTaskThread "GC Thread#7" [stack: 0x0000004dbaf00000,0x0000004dbb000000] [id=2608]
  0x0000021c2dd31680 GCTaskThread "GC Thread#8" [stack: 0x0000004dbc200000,0x0000004dbc300000] [id=2548]
  0x0000021c2dd31be0 GCTaskThread "GC Thread#9" [stack: 0x0000004dbc300000,0x0000004dbc400000] [id=12980]
  0x0000021c2dd30100 GCTaskThread "GC Thread#10" [stack: 0x0000004dbc400000,0x0000004dbc500000] [id=3588]
  0x0000021c327b98e0 GCTaskThread "GC Thread#11" [stack: 0x0000004dbc500000,0x0000004dbc600000] [id=18596]
  0x0000021c327b9b90 GCTaskThread "GC Thread#12" [stack: 0x0000004dbc600000,0x0000004dbc700000] [id=12788]
  0x0000021c0b897ce0 ConcurrentGCThread "G1 Main Marker" [stack: 0x0000004db9900000,0x0000004db9a00000] [id=22032]
  0x0000021c0b8992d0 ConcurrentGCThread "G1 Conc#0" [stack: 0x0000004db9a00000,0x0000004db9b00000] [id=21612]
  0x0000021c327b8e20 ConcurrentGCThread "G1 Conc#1" [stack: 0x0000004dbc700000,0x0000004dbc800000] [id=17484]
  0x0000021c327b6b30 ConcurrentGCThread "G1 Conc#2" [stack: 0x0000004dbc800000,0x0000004dbc900000] [id=19288]
  0x0000021c0b8ee950 ConcurrentGCThread "G1 Refine#0" [stack: 0x0000004db9b00000,0x0000004db9c00000] [id=15388]
  0x0000021c32e6ae00 ConcurrentGCThread "G1 Refine#1" [stack: 0x0000004dbd700000,0x0000004dbd800000] [id=11080]
  0x0000021c3af92ff0 ConcurrentGCThread "G1 Refine#2" [stack: 0x0000004dca300000,0x0000004dca400000] [id=15116]
  0x0000021c302c50b0 ConcurrentGCThread "G1 Refine#3" [stack: 0x0000004dca500000,0x0000004dca600000] [id=8296]
  0x0000021c2c6d1520 ConcurrentGCThread "G1 Service" [stack: 0x0000004db9c00000,0x0000004db9d00000] [id=13736]

Threads with active compile tasks:
C2 CompilerThread0   196805 35201 %     4       java.util.IdentityHashMap::resize @ 58 (153 bytes)
C2 CompilerThread1   196805 34792       4       com.android.tools.r8.graph.j9::<init> (282 bytes)
C2 CompilerThread2   196805 34960       4       com.android.tools.r8.graph.x5::c (60 bytes)
C2 CompilerThread3   196805 35050 %     4       com.android.tools.r8.internal.rv::a @ 2754 (6696 bytes)
C2 CompilerThread4   196805 34958       4       com.android.tools.r8.graph.r9::a (30 bytes)
C2 CompilerThread5   196805 34753       4       com.android.tools.r8.internal.rv::a (4509 bytes)
C2 CompilerThread6   196805 35143       4       com.android.tools.r8.internal.rv::a (1059 bytes)
C2 CompilerThread7   196805 35073       4       com.android.tools.r8.graph.r9::a (1154 bytes)

VM state: at safepoint (normal execution)

VM Mutex/Monitor currently owned by a thread:  ([mutex/lock_event])
[0x0000021c0b822260] Threads_lock - owner thread: 0x0000021c2c79c710
[0x0000021c0b822800] Heap_lock - owner thread: 0x0000021c0b897ce0

Heap address: 0x0000000080000000, size: 2048 MB, Compressed Oops mode: 32-bit

CDS archive(s) mapped at: [0x0000000800000000-0x0000000800bc0000-0x0000000800bc0000), size 12320768, SharedBaseAddress: 0x0000000800000000, ArchiveRelocationMode: 0.
Compressed class space mapped at: 0x0000000800c00000-0x0000000840c00000, reserved size: 1073741824
Narrow klass base: 0x0000000800000000, Narrow klass shift: 0, Narrow klass range: 0x100000000

GC Precious Log:
 CPUs: 16 total, 16 available
 Memory: 16088M
 Large Page Support: Disabled
 NUMA Support: Disabled
 Compressed Oops: Enabled (32-bit)
 Heap Region Size: 1M
 Heap Min Capacity: 8M
 Heap Initial Capacity: 252M
 Heap Max Capacity: 2G
 Pre-touch: Disabled
 Parallel Workers: 13
 Concurrent Workers: 3
 Concurrent Refinement Workers: 13
 Periodic GC: Disabled

Heap:
 garbage-first heap   total 643072K, used 398412K [0x0000000080000000, 0x0000000100000000)
  region size 1024K, 47 young (48128K), 10 survivors (10240K)
 Metaspace       used 203677K, committed 204864K, reserved 1228800K
  class space    used 25767K, committed 26368K, reserved 1048576K

Heap Regions: E=young(eden), S=young(survivor), O=old, HS=humongous(starts), HC=humongous(continues), CS=collection set, F=free, OA=open archive, CA=closed archive, TAMS=top-at-mark-start (previous, next)
|   0|0x0000000080000000, 0x0000000080100000, 0x0000000080100000|100%| O|  |TAMS 0x0000000080100000, 0x0000000080100000| Untracked 
|   1|0x0000000080100000, 0x0000000080200000, 0x0000000080200000|100%| O|  |TAMS 0x0000000080200000, 0x0000000080200000| Untracked 
|   2|0x0000000080200000, 0x0000000080300000, 0x0000000080300000|100%|HS|  |TAMS 0x0000000080300000, 0x0000000080300000| Complete 
|   3|0x0000000080300000, 0x0000000080400000, 0x0000000080400000|100%|HC|  |TAMS 0x0000000080400000, 0x0000000080400000| Complete 
|   4|0x0000000080400000, 0x0000000080500000, 0x0000000080500000|100%|HC|  |TAMS 0x0000000080500000, 0x0000000080500000| Complete 
|   5|0x0000000080500000, 0x0000000080600000, 0x0000000080600000|100%|HC|  |TAMS 0x0000000080600000, 0x0000000080600000| Complete 
|   6|0x0000000080600000, 0x0000000080700000, 0x0000000080700000|100%| O|  |TAMS 0x0000000080700000, 0x0000000080700000| Untracked 
|   7|0x0000000080700000, 0x0000000080800000, 0x0000000080800000|100%|HS|  |TAMS 0x0000000080800000, 0x0000000080800000| Complete 
|   8|0x0000000080800000, 0x0000000080900000, 0x0000000080900000|100%| O|  |TAMS 0x0000000080900000, 0x0000000080900000| Untracked 
|   9|0x0000000080900000, 0x0000000080a00000, 0x0000000080a00000|100%| O|  |TAMS 0x0000000080a00000, 0x0000000080a00000| Untracked 
|  10|0x0000000080a00000, 0x0000000080b00000, 0x0000000080b00000|100%| O|  |TAMS 0x0000000080b00000, 0x0000000080b00000| Untracked 
|  11|0x0000000080b00000, 0x0000000080c00000, 0x0000000080c00000|100%| O|  |TAMS 0x0000000080c00000, 0x0000000080c00000| Untracked 
|  12|0x0000000080c00000, 0x0000000080cc2800, 0x0000000080d00000| 75%| O|  |TAMS 0x0000000080cc2800, 0x0000000080cc2800| Untracked 
|  13|0x0000000080d00000, 0x0000000080e00000, 0x0000000080e00000|100%| O|  |TAMS 0x0000000080e00000, 0x0000000080e00000| Untracked 
|  14|0x0000000080e00000, 0x0000000080f00000, 0x0000000080f00000|100%| O|  |TAMS 0x0000000080f00000, 0x0000000080f00000| Untracked 
|  15|0x0000000080f00000, 0x0000000081000000, 0x0000000081000000|100%| O|  |TAMS 0x0000000081000000, 0x0000000081000000| Untracked 
|  16|0x0000000081000000, 0x0000000081100000, 0x0000000081100000|100%| O|  |TAMS 0x0000000081100000, 0x0000000081100000| Untracked 
|  17|0x0000000081100000, 0x0000000081200000, 0x0000000081200000|100%| O|  |TAMS 0x0000000081200000, 0x0000000081200000| Untracked 
|  18|0x0000000081200000, 0x0000000081300000, 0x0000000081300000|100%| O|  |TAMS 0x0000000081300000, 0x0000000081300000| Untracked 
|  19|0x0000000081300000, 0x0000000081400000, 0x0000000081400000|100%| O|  |TAMS 0x0000000081400000, 0x0000000081400000| Untracked 
|  20|0x0000000081400000, 0x0000000081500000, 0x0000000081500000|100%| O|  |TAMS 0x0000000081500000, 0x0000000081500000| Untracked 
|  21|0x0000000081500000, 0x0000000081600000, 0x0000000081600000|100%| O|  |TAMS 0x0000000081600000, 0x0000000081600000| Untracked 
|  22|0x0000000081600000, 0x0000000081700000, 0x0000000081700000|100%| O|  |TAMS 0x0000000081700000, 0x0000000081700000| Untracked 
|  23|0x0000000081700000, 0x0000000081800000, 0x0000000081800000|100%| O|  |TAMS 0x0000000081800000, 0x0000000081800000| Untracked 
|  24|0x0000000081800000, 0x0000000081900000, 0x0000000081900000|100%| O|  |TAMS 0x0000000081900000, 0x0000000081900000| Untracked 
|  25|0x0000000081900000, 0x0000000081a00000, 0x0000000081a00000|100%| O|  |TAMS 0x0000000081a00000, 0x0000000081a00000| Untracked 
|  26|0x0000000081a00000, 0x0000000081b00000, 0x0000000081b00000|100%| O|  |TAMS 0x0000000081b00000, 0x0000000081b00000| Untracked 
|  27|0x0000000081b00000, 0x0000000081c00000, 0x0000000081c00000|100%| O|  |TAMS 0x0000000081c00000, 0x0000000081c00000| Untracked 
|  28|0x0000000081c00000, 0x0000000081d00000, 0x0000000081d00000|100%| O|  |TAMS 0x0000000081d00000, 0x0000000081d00000| Untracked 
|  29|0x0000000081d00000, 0x0000000081e00000, 0x0000000081e00000|100%| O|  |TAMS 0x0000000081d00000, 0x0000000081e00000| Untracked 
|  30|0x0000000081e00000, 0x0000000081f00000, 0x0000000081f00000|100%| O|  |TAMS 0x0000000081e00000, 0x0000000081f00000| Untracked 
|  31|0x0000000081f00000, 0x0000000082000000, 0x0000000082000000|100%| O|  |TAMS 0x0000000082000000, 0x0000000082000000| Untracked 
|  32|0x0000000082000000, 0x0000000082100000, 0x0000000082100000|100%| O|  |TAMS 0x0000000082100000, 0x0000000082100000| Untracked 
|  33|0x0000000082100000, 0x0000000082200000, 0x0000000082200000|100%| O|  |TAMS 0x0000000082200000, 0x0000000082200000| Untracked 
|  34|0x0000000082200000, 0x0000000082300000, 0x0000000082300000|100%| O|  |TAMS 0x0000000082200000, 0x0000000082300000| Untracked 
|  35|0x0000000082300000, 0x0000000082400000, 0x0000000082400000|100%| O|  |TAMS 0x0000000082300000, 0x0000000082400000| Untracked 
|  36|0x0000000082400000, 0x0000000082500000, 0x0000000082500000|100%| O|  |TAMS 0x0000000082500000, 0x0000000082500000| Untracked 
|  37|0x0000000082500000, 0x0000000082600000, 0x0000000082600000|100%| O|  |TAMS 0x0000000082600000, 0x0000000082600000| Untracked 
|  38|0x0000000082600000, 0x0000000082700000, 0x0000000082700000|100%| O|  |TAMS 0x0000000082700000, 0x0000000082700000| Untracked 
|  39|0x0000000082700000, 0x0000000082800000, 0x0000000082800000|100%| O|  |TAMS 0x0000000082700000, 0x0000000082800000| Untracked 
|  40|0x0000000082800000, 0x0000000082900000, 0x0000000082900000|100%| O|  |TAMS 0x0000000082800000, 0x0000000082900000| Untracked 
|  41|0x0000000082900000, 0x0000000082a00000, 0x0000000082a00000|100%| O|  |TAMS 0x0000000082a00000, 0x0000000082a00000| Untracked 
|  42|0x0000000082a00000, 0x0000000082b00000, 0x0000000082b00000|100%| O|  |TAMS 0x0000000082b00000, 0x0000000082b00000| Untracked 
|  43|0x0000000082b00000, 0x0000000082c00000, 0x0000000082c00000|100%| O|  |TAMS 0x0000000082c00000, 0x0000000082c00000| Untracked 
|  44|0x0000000082c00000, 0x0000000082d00000, 0x0000000082d00000|100%| O|  |TAMS 0x0000000082c00000, 0x0000000082d00000| Untracked 
|  45|0x0000000082d00000, 0x0000000082e00000, 0x0000000082e00000|100%| O|  |TAMS 0x0000000082d00000, 0x0000000082e00000| Untracked 
|  46|0x0000000082e00000, 0x0000000082f00000, 0x0000000082f00000|100%| O|  |TAMS 0x0000000082e00000, 0x0000000082f00000| Untracked 
|  47|0x0000000082f00000, 0x0000000083000000, 0x0000000083000000|100%| O|  |TAMS 0x0000000082f00000, 0x0000000083000000| Untracked 
|  48|0x0000000083000000, 0x0000000083100000, 0x0000000083100000|100%| O|  |TAMS 0x0000000083000000, 0x0000000083100000| Untracked 
|  49|0x0000000083100000, 0x0000000083200000, 0x0000000083200000|100%| O|  |TAMS 0x0000000083100000, 0x0000000083200000| Untracked 
|  50|0x0000000083200000, 0x0000000083300000, 0x0000000083300000|100%| O|  |TAMS 0x0000000083300000, 0x0000000083300000| Untracked 
|  51|0x0000000083300000, 0x0000000083400000, 0x0000000083400000|100%| O|  |TAMS 0x0000000083300000, 0x0000000083400000| Untracked 
|  52|0x0000000083400000, 0x0000000083500000, 0x0000000083500000|100%| O|  |TAMS 0x0000000083400000, 0x0000000083500000| Untracked 
|  53|0x0000000083500000, 0x0000000083600000, 0x0000000083600000|100%| O|  |TAMS 0x0000000083500000, 0x0000000083600000| Untracked 
|  54|0x0000000083600000, 0x0000000083700000, 0x0000000083700000|100%| O|  |TAMS 0x0000000083600000, 0x0000000083700000| Untracked 
|  55|0x0000000083700000, 0x0000000083800000, 0x0000000083800000|100%| O|  |TAMS 0x0000000083700000, 0x0000000083800000| Untracked 
|  56|0x0000000083800000, 0x0000000083900000, 0x0000000083900000|100%| O|  |TAMS 0x0000000083800000, 0x0000000083900000| Untracked 
|  57|0x0000000083900000, 0x0000000083a00000, 0x0000000083a00000|100%| O|  |TAMS 0x0000000083900000, 0x0000000083a00000| Untracked 
|  58|0x0000000083a00000, 0x0000000083b00000, 0x0000000083b00000|100%| O|  |TAMS 0x0000000083a00000, 0x0000000083b00000| Untracked 
|  59|0x0000000083b00000, 0x0000000083c00000, 0x0000000083c00000|100%| O|  |TAMS 0x0000000083b00000, 0x0000000083c00000| Untracked 
|  60|0x0000000083c00000, 0x0000000083d00000, 0x0000000083d00000|100%| O|  |TAMS 0x0000000083c00000, 0x0000000083d00000| Untracked 
|  61|0x0000000083d00000, 0x0000000083e00000, 0x0000000083e00000|100%| O|  |TAMS 0x0000000083d00000, 0x0000000083e00000| Untracked 
|  62|0x0000000083e00000, 0x0000000083f00000, 0x0000000083f00000|100%| O|  |TAMS 0x0000000083e00000, 0x0000000083f00000| Untracked 
|  63|0x0000000083f00000, 0x0000000084000000, 0x0000000084000000|100%| O|  |TAMS 0x0000000083f00000, 0x0000000084000000| Untracked 
|  64|0x0000000084000000, 0x0000000084100000, 0x0000000084100000|100%| O|  |TAMS 0x0000000084000000, 0x0000000084100000| Untracked 
|  65|0x0000000084100000, 0x0000000084200000, 0x0000000084200000|100%| O|  |TAMS 0x0000000084100000, 0x0000000084200000| Untracked 
|  66|0x0000000084200000, 0x0000000084300000, 0x0000000084300000|100%| O|  |TAMS 0x0000000084200000, 0x0000000084300000| Untracked 
|  67|0x0000000084300000, 0x0000000084400000, 0x0000000084400000|100%| O|  |TAMS 0x0000000084300000, 0x0000000084400000| Untracked 
|  68|0x0000000084400000, 0x0000000084500000, 0x0000000084500000|100%|HS|  |TAMS 0x0000000084400000, 0x0000000084500000| Complete 
|  69|0x0000000084500000, 0x0000000084600000, 0x0000000084600000|100%|HC|  |TAMS 0x0000000084500000, 0x0000000084600000| Complete 
|  70|0x0000000084600000, 0x0000000084700000, 0x0000000084700000|100%|HC|  |TAMS 0x0000000084600000, 0x0000000084700000| Complete 
|  71|0x0000000084700000, 0x0000000084800000, 0x0000000084800000|100%| O|  |TAMS 0x0000000084700000, 0x0000000084800000| Untracked 
|  72|0x0000000084800000, 0x0000000084900000, 0x0000000084900000|100%| O|  |TAMS 0x0000000084800000, 0x0000000084900000| Untracked 
|  73|0x0000000084900000, 0x0000000084a00000, 0x0000000084a00000|100%| O|  |TAMS 0x0000000084900000, 0x0000000084a00000| Untracked 
|  74|0x0000000084a00000, 0x0000000084b00000, 0x0000000084b00000|100%| O|  |TAMS 0x0000000084a00000, 0x0000000084b00000| Untracked 
|  75|0x0000000084b00000, 0x0000000084c00000, 0x0000000084c00000|100%| O|  |TAMS 0x0000000084b00000, 0x0000000084c00000| Untracked 
|  76|0x0000000084c00000, 0x0000000084d00000, 0x0000000084d00000|100%| O|  |TAMS 0x0000000084c00000, 0x0000000084d00000| Untracked 
|  77|0x0000000084d00000, 0x0000000084e00000, 0x0000000084e00000|100%| O|  |TAMS 0x0000000084d00000, 0x0000000084e00000| Untracked 
|  78|0x0000000084e00000, 0x0000000084f00000, 0x0000000084f00000|100%| O|  |TAMS 0x0000000084e00000, 0x0000000084f00000| Untracked 
|  79|0x0000000084f00000, 0x0000000085000000, 0x0000000085000000|100%| O|  |TAMS 0x0000000084f00000, 0x0000000085000000| Untracked 
|  80|0x0000000085000000, 0x0000000085100000, 0x0000000085100000|100%| O|  |TAMS 0x0000000085000000, 0x0000000085100000| Untracked 
|  81|0x0000000085100000, 0x0000000085200000, 0x0000000085200000|100%| O|  |TAMS 0x0000000085100000, 0x0000000085200000| Untracked 
|  82|0x0000000085200000, 0x0000000085300000, 0x0000000085300000|100%| O|  |TAMS 0x0000000085300000, 0x0000000085300000| Untracked 
|  83|0x0000000085300000, 0x0000000085400000, 0x0000000085400000|100%| O|  |TAMS 0x0000000085300000, 0x0000000085400000| Untracked 
|  84|0x0000000085400000, 0x0000000085500000, 0x0000000085500000|100%| O|  |TAMS 0x0000000085500000, 0x0000000085500000| Untracked 
|  85|0x0000000085500000, 0x0000000085600000, 0x0000000085600000|100%| O|  |TAMS 0x0000000085500000, 0x0000000085600000| Untracked 
|  86|0x0000000085600000, 0x0000000085700000, 0x0000000085700000|100%| O|  |TAMS 0x0000000085700000, 0x0000000085700000| Untracked 
|  87|0x0000000085700000, 0x0000000085800000, 0x0000000085800000|100%| O|  |TAMS 0x0000000085700000, 0x0000000085800000| Untracked 
|  88|0x0000000085800000, 0x0000000085900000, 0x0000000085900000|100%| O|  |TAMS 0x0000000085800000, 0x0000000085900000| Untracked 
|  89|0x0000000085900000, 0x0000000085a00000, 0x0000000085a00000|100%| O|  |TAMS 0x0000000085900000, 0x0000000085a00000| Untracked 
|  90|0x0000000085a00000, 0x0000000085b00000, 0x0000000085b00000|100%| O|  |TAMS 0x0000000085a00000, 0x0000000085b00000| Untracked 
|  91|0x0000000085b00000, 0x0000000085c00000, 0x0000000085c00000|100%| O|  |TAMS 0x0000000085b00000, 0x0000000085c00000| Untracked 
|  92|0x0000000085c00000, 0x0000000085d00000, 0x0000000085d00000|100%| O|  |TAMS 0x0000000085c00000, 0x0000000085d00000| Untracked 
|  93|0x0000000085d00000, 0x0000000085e00000, 0x0000000085e00000|100%| O|  |TAMS 0x0000000085d00000, 0x0000000085e00000| Untracked 
|  94|0x0000000085e00000, 0x0000000085f00000, 0x0000000085f00000|100%| O|  |TAMS 0x0000000085e00000, 0x0000000085f00000| Untracked 
|  95|0x0000000085f00000, 0x0000000086000000, 0x0000000086000000|100%| O|  |TAMS 0x0000000085f00000, 0x0000000086000000| Untracked 
|  96|0x0000000086000000, 0x0000000086100000, 0x0000000086100000|100%| O|  |TAMS 0x0000000086000000, 0x0000000086100000| Untracked 
|  97|0x0000000086100000, 0x0000000086200000, 0x0000000086200000|100%| O|  |TAMS 0x0000000086100000, 0x0000000086200000| Untracked 
|  98|0x0000000086200000, 0x0000000086300000, 0x0000000086300000|100%| O|  |TAMS 0x0000000086200000, 0x0000000086300000| Untracked 
|  99|0x0000000086300000, 0x0000000086400000, 0x0000000086400000|100%| O|  |TAMS 0x0000000086300000, 0x0000000086400000| Untracked 
| 100|0x0000000086400000, 0x0000000086500000, 0x0000000086500000|100%| O|  |TAMS 0x0000000086400000, 0x0000000086500000| Untracked 
| 101|0x0000000086500000, 0x0000000086600000, 0x0000000086600000|100%| O|  |TAMS 0x0000000086500000, 0x0000000086600000| Untracked 
| 102|0x0000000086600000, 0x0000000086700000, 0x0000000086700000|100%| O|  |TAMS 0x0000000086600000, 0x0000000086700000| Untracked 
| 103|0x0000000086700000, 0x0000000086800000, 0x0000000086800000|100%| O|  |TAMS 0x0000000086700000, 0x0000000086800000| Untracked 
| 104|0x0000000086800000, 0x0000000086900000, 0x0000000086900000|100%| O|  |TAMS 0x0000000086800000, 0x0000000086900000| Untracked 
| 105|0x0000000086900000, 0x0000000086a00000, 0x0000000086a00000|100%| O|  |TAMS 0x0000000086900000, 0x0000000086a00000| Untracked 
| 106|0x0000000086a00000, 0x0000000086b00000, 0x0000000086b00000|100%| O|  |TAMS 0x0000000086b00000, 0x0000000086b00000| Untracked 
| 107|0x0000000086b00000, 0x0000000086c00000, 0x0000000086c00000|100%| O|  |TAMS 0x0000000086c00000, 0x0000000086c00000| Untracked 
| 108|0x0000000086c00000, 0x0000000086d00000, 0x0000000086d00000|100%| O|  |TAMS 0x0000000086d00000, 0x0000000086d00000| Untracked 
| 109|0x0000000086d00000, 0x0000000086e00000, 0x0000000086e00000|100%| O|  |TAMS 0x0000000086e00000, 0x0000000086e00000| Untracked 
| 110|0x0000000086e00000, 0x0000000086f00000, 0x0000000086f00000|100%| O|  |TAMS 0x0000000086f00000, 0x0000000086f00000| Untracked 
| 111|0x0000000086f00000, 0x0000000087000000, 0x0000000087000000|100%| O|  |TAMS 0x0000000087000000, 0x0000000087000000| Untracked 
| 112|0x0000000087000000, 0x0000000087100000, 0x0000000087100000|100%| O|  |TAMS 0x0000000087000000, 0x0000000087100000| Untracked 
| 113|0x0000000087100000, 0x0000000087200000, 0x0000000087200000|100%| O|  |TAMS 0x0000000087100000, 0x0000000087200000| Untracked 
| 114|0x0000000087200000, 0x0000000087300000, 0x0000000087300000|100%| O|  |TAMS 0x0000000087200000, 0x0000000087300000| Untracked 
| 115|0x0000000087300000, 0x0000000087400000, 0x0000000087400000|100%| O|  |TAMS 0x0000000087300000, 0x0000000087400000| Untracked 
| 116|0x0000000087400000, 0x0000000087500000, 0x0000000087500000|100%| O|  |TAMS 0x0000000087400000, 0x0000000087500000| Untracked 
| 117|0x0000000087500000, 0x0000000087600000, 0x0000000087600000|100%| O|  |TAMS 0x0000000087500000, 0x0000000087600000| Untracked 
| 118|0x0000000087600000, 0x0000000087700000, 0x0000000087700000|100%| O|  |TAMS 0x0000000087600000, 0x0000000087700000| Untracked 
| 119|0x0000000087700000, 0x0000000087800000, 0x0000000087800000|100%| O|  |TAMS 0x0000000087700000, 0x0000000087800000| Untracked 
| 120|0x0000000087800000, 0x0000000087900000, 0x0000000087900000|100%| O|  |TAMS 0x0000000087800000, 0x0000000087900000| Untracked 
| 121|0x0000000087900000, 0x0000000087a00000, 0x0000000087a00000|100%| O|  |TAMS 0x0000000087900000, 0x0000000087a00000| Untracked 
| 122|0x0000000087a00000, 0x0000000087b00000, 0x0000000087b00000|100%| O|  |TAMS 0x0000000087a00000, 0x0000000087b00000| Untracked 
| 123|0x0000000087b00000, 0x0000000087c00000, 0x0000000087c00000|100%| O|  |TAMS 0x0000000087b00000, 0x0000000087c00000| Untracked 
| 124|0x0000000087c00000, 0x0000000087d00000, 0x0000000087d00000|100%| O|  |TAMS 0x0000000087c00000, 0x0000000087d00000| Untracked 
| 125|0x0000000087d00000, 0x0000000087e00000, 0x0000000087e00000|100%| O|  |TAMS 0x0000000087d00000, 0x0000000087e00000| Untracked 
| 126|0x0000000087e00000, 0x0000000087f00000, 0x0000000087f00000|100%| O|  |TAMS 0x0000000087e00000, 0x0000000087f00000| Untracked 
| 127|0x0000000087f00000, 0x0000000088000000, 0x0000000088000000|100%| O|  |TAMS 0x0000000087f00000, 0x0000000088000000| Untracked 
| 128|0x0000000088000000, 0x0000000088100000, 0x0000000088100000|100%| O|  |TAMS 0x0000000088000000, 0x0000000088100000| Untracked 
| 129|0x0000000088100000, 0x0000000088200000, 0x0000000088200000|100%| O|  |TAMS 0x0000000088100000, 0x0000000088200000| Untracked 
| 130|0x0000000088200000, 0x0000000088300000, 0x0000000088300000|100%| O|  |TAMS 0x0000000088200000, 0x0000000088300000| Untracked 
| 131|0x0000000088300000, 0x0000000088400000, 0x0000000088400000|100%| O|  |TAMS 0x0000000088300000, 0x0000000088400000| Untracked 
| 132|0x0000000088400000, 0x0000000088500000, 0x0000000088500000|100%| O|  |TAMS 0x0000000088500000, 0x0000000088500000| Untracked 
| 133|0x0000000088500000, 0x0000000088600000, 0x0000000088600000|100%| O|  |TAMS 0x0000000088500000, 0x0000000088600000| Untracked 
| 134|0x0000000088600000, 0x0000000088700000, 0x0000000088700000|100%| O|  |TAMS 0x0000000088700000, 0x0000000088700000| Untracked 
| 135|0x0000000088700000, 0x0000000088800000, 0x0000000088800000|100%| O|  |TAMS 0x0000000088800000, 0x0000000088800000| Untracked 
| 136|0x0000000088800000, 0x0000000088900000, 0x0000000088900000|100%| O|  |TAMS 0x0000000088900000, 0x0000000088900000| Untracked 
| 137|0x0000000088900000, 0x0000000088a00000, 0x0000000088a00000|100%| O|  |TAMS 0x0000000088a00000, 0x0000000088a00000| Untracked 
| 138|0x0000000088a00000, 0x0000000088b00000, 0x0000000088b00000|100%| O|  |TAMS 0x0000000088a00000, 0x0000000088b00000| Untracked 
| 139|0x0000000088b00000, 0x0000000088c00000, 0x0000000088c00000|100%| O|  |TAMS 0x0000000088c00000, 0x0000000088c00000| Untracked 
| 140|0x0000000088c00000, 0x0000000088d00000, 0x0000000088d00000|100%| O|  |TAMS 0x0000000088d00000, 0x0000000088d00000| Untracked 
| 141|0x0000000088d00000, 0x0000000088e00000, 0x0000000088e00000|100%| O|  |TAMS 0x0000000088d00000, 0x0000000088e00000| Untracked 
| 142|0x0000000088e00000, 0x0000000088f00000, 0x0000000088f00000|100%| O|  |TAMS 0x0000000088e00000, 0x0000000088f00000| Untracked 
| 143|0x0000000088f00000, 0x0000000089000000, 0x0000000089000000|100%| O|  |TAMS 0x0000000088f00000, 0x0000000089000000| Untracked 
| 144|0x0000000089000000, 0x0000000089100000, 0x0000000089100000|100%| O|  |TAMS 0x0000000089100000, 0x0000000089100000| Untracked 
| 145|0x0000000089100000, 0x0000000089200000, 0x0000000089200000|100%| O|  |TAMS 0x0000000089100000, 0x0000000089200000| Untracked 
| 146|0x0000000089200000, 0x0000000089300000, 0x0000000089300000|100%| O|  |TAMS 0x0000000089300000, 0x0000000089300000| Untracked 
| 147|0x0000000089300000, 0x0000000089400000, 0x0000000089400000|100%| O|  |TAMS 0x0000000089400000, 0x0000000089400000| Untracked 
| 148|0x0000000089400000, 0x0000000089500000, 0x0000000089500000|100%| O|  |TAMS 0x0000000089500000, 0x0000000089500000| Untracked 
| 149|0x0000000089500000, 0x0000000089600000, 0x0000000089600000|100%| O|  |TAMS 0x0000000089600000, 0x0000000089600000| Untracked 
| 150|0x0000000089600000, 0x0000000089700000, 0x0000000089700000|100%| O|  |TAMS 0x0000000089700000, 0x0000000089700000| Untracked 
| 151|0x0000000089700000, 0x0000000089800000, 0x0000000089800000|100%| O|  |TAMS 0x0000000089800000, 0x0000000089800000| Untracked 
| 152|0x0000000089800000, 0x0000000089900000, 0x0000000089900000|100%| O|  |TAMS 0x0000000089900000, 0x0000000089900000| Untracked 
| 153|0x0000000089900000, 0x0000000089a00000, 0x0000000089a00000|100%| O|  |TAMS 0x0000000089a00000, 0x0000000089a00000| Untracked 
| 154|0x0000000089a00000, 0x0000000089b00000, 0x0000000089b00000|100%| O|  |TAMS 0x0000000089b00000, 0x0000000089b00000| Untracked 
| 155|0x0000000089b00000, 0x0000000089c00000, 0x0000000089c00000|100%| O|  |TAMS 0x0000000089c00000, 0x0000000089c00000| Untracked 
| 156|0x0000000089c00000, 0x0000000089d00000, 0x0000000089d00000|100%| O|  |TAMS 0x0000000089d00000, 0x0000000089d00000| Untracked 
| 157|0x0000000089d00000, 0x0000000089e00000, 0x0000000089e00000|100%| O|  |TAMS 0x0000000089d00000, 0x0000000089e00000| Untracked 
| 158|0x0000000089e00000, 0x0000000089f00000, 0x0000000089f00000|100%| O|  |TAMS 0x0000000089e00000, 0x0000000089f00000| Untracked 
| 159|0x0000000089f00000, 0x000000008a000000, 0x000000008a000000|100%| O|  |TAMS 0x0000000089f00000, 0x000000008a000000| Untracked 
| 160|0x000000008a000000, 0x000000008a0ffff8, 0x000000008a100000| 99%| O|  |TAMS 0x000000008a000000, 0x000000008a0ffff8| Untracked 
| 161|0x000000008a100000, 0x000000008a200000, 0x000000008a200000|100%| O|  |TAMS 0x000000008a100000, 0x000000008a200000| Untracked 
| 162|0x000000008a200000, 0x000000008a300000, 0x000000008a300000|100%| O|  |TAMS 0x000000008a200000, 0x000000008a300000| Untracked 
| 163|0x000000008a300000, 0x000000008a400000, 0x000000008a400000|100%| O|  |TAMS 0x000000008a300000, 0x000000008a400000| Untracked 
| 164|0x000000008a400000, 0x000000008a500000, 0x000000008a500000|100%| O|  |TAMS 0x000000008a400000, 0x000000008a500000| Untracked 
| 165|0x000000008a500000, 0x000000008a600000, 0x000000008a600000|100%| O|  |TAMS 0x000000008a500000, 0x000000008a600000| Untracked 
| 166|0x000000008a600000, 0x000000008a700000, 0x000000008a700000|100%| O|  |TAMS 0x000000008a600000, 0x000000008a700000| Untracked 
| 167|0x000000008a700000, 0x000000008a800000, 0x000000008a800000|100%| O|  |TAMS 0x000000008a700000, 0x000000008a800000| Untracked 
| 168|0x000000008a800000, 0x000000008a900000, 0x000000008a900000|100%| O|  |TAMS 0x000000008a800000, 0x000000008a900000| Untracked 
| 169|0x000000008a900000, 0x000000008aa00000, 0x000000008aa00000|100%| O|  |TAMS 0x000000008aa00000, 0x000000008aa00000| Untracked 
| 170|0x000000008aa00000, 0x000000008ab00000, 0x000000008ab00000|100%| O|  |TAMS 0x000000008ab00000, 0x000000008ab00000| Untracked 
| 171|0x000000008ab00000, 0x000000008ac00000, 0x000000008ac00000|100%| O|  |TAMS 0x000000008ac00000, 0x000000008ac00000| Untracked 
| 172|0x000000008ac00000, 0x000000008ad00000, 0x000000008ad00000|100%| O|  |TAMS 0x000000008ad00000, 0x000000008ad00000| Untracked 
| 173|0x000000008ad00000, 0x000000008ae00000, 0x000000008ae00000|100%| O|  |TAMS 0x000000008ae00000, 0x000000008ae00000| Untracked 
| 174|0x000000008ae00000, 0x000000008af00000, 0x000000008af00000|100%| O|  |TAMS 0x000000008af00000, 0x000000008af00000| Untracked 
| 175|0x000000008af00000, 0x000000008b000000, 0x000000008b000000|100%| O|  |TAMS 0x000000008b000000, 0x000000008b000000| Untracked 
| 176|0x000000008b000000, 0x000000008b100000, 0x000000008b100000|100%| O|  |TAMS 0x000000008b100000, 0x000000008b100000| Untracked 
| 177|0x000000008b100000, 0x000000008b200000, 0x000000008b200000|100%| O|  |TAMS 0x000000008b200000, 0x000000008b200000| Untracked 
| 178|0x000000008b200000, 0x000000008b300000, 0x000000008b300000|100%| O|  |TAMS 0x000000008b300000, 0x000000008b300000| Untracked 
| 179|0x000000008b300000, 0x000000008b400000, 0x000000008b400000|100%| O|  |TAMS 0x000000008b400000, 0x000000008b400000| Untracked 
| 180|0x000000008b400000, 0x000000008b500000, 0x000000008b500000|100%| O|  |TAMS 0x000000008b500000, 0x000000008b500000| Untracked 
| 181|0x000000008b500000, 0x000000008b600000, 0x000000008b600000|100%| O|  |TAMS 0x000000008b600000, 0x000000008b600000| Untracked 
| 182|0x000000008b600000, 0x000000008b700000, 0x000000008b700000|100%| O|  |TAMS 0x000000008b700000, 0x000000008b700000| Untracked 
| 183|0x000000008b700000, 0x000000008b800000, 0x000000008b800000|100%| O|  |TAMS 0x000000008b800000, 0x000000008b800000| Untracked 
| 184|0x000000008b800000, 0x000000008b900000, 0x000000008b900000|100%| O|  |TAMS 0x000000008b900000, 0x000000008b900000| Untracked 
| 185|0x000000008b900000, 0x000000008ba00000, 0x000000008ba00000|100%| O|  |TAMS 0x000000008ba00000, 0x000000008ba00000| Untracked 
| 186|0x000000008ba00000, 0x000000008bb00000, 0x000000008bb00000|100%| O|  |TAMS 0x000000008bb00000, 0x000000008bb00000| Untracked 
| 187|0x000000008bb00000, 0x000000008bc00000, 0x000000008bc00000|100%| O|  |TAMS 0x000000008bc00000, 0x000000008bc00000| Untracked 
| 188|0x000000008bc00000, 0x000000008bd00000, 0x000000008bd00000|100%| O|  |TAMS 0x000000008bd00000, 0x000000008bd00000| Untracked 
| 189|0x000000008bd00000, 0x000000008be00000, 0x000000008be00000|100%| O|  |TAMS 0x000000008be00000, 0x000000008be00000| Untracked 
| 190|0x000000008be00000, 0x000000008bf00000, 0x000000008bf00000|100%| O|  |TAMS 0x000000008bf00000, 0x000000008bf00000| Untracked 
| 191|0x000000008bf00000, 0x000000008c000000, 0x000000008c000000|100%| O|  |TAMS 0x000000008c000000, 0x000000008c000000| Untracked 
| 192|0x000000008c000000, 0x000000008c100000, 0x000000008c100000|100%| O|  |TAMS 0x000000008c100000, 0x000000008c100000| Untracked 
| 193|0x000000008c100000, 0x000000008c200000, 0x000000008c200000|100%| O|  |TAMS 0x000000008c200000, 0x000000008c200000| Untracked 
| 194|0x000000008c200000, 0x000000008c300000, 0x000000008c300000|100%| O|  |TAMS 0x000000008c300000, 0x000000008c300000| Untracked 
| 195|0x000000008c300000, 0x000000008c400000, 0x000000008c400000|100%|HS|  |TAMS 0x000000008c400000, 0x000000008c400000| Complete 
| 196|0x000000008c400000, 0x000000008c500000, 0x000000008c500000|100%|HS|  |TAMS 0x000000008c500000, 0x000000008c500000| Complete 
| 197|0x000000008c500000, 0x000000008c600000, 0x000000008c600000|100%| O|  |TAMS 0x000000008c600000, 0x000000008c600000| Untracked 
| 198|0x000000008c600000, 0x000000008c700000, 0x000000008c700000|100%| O|  |TAMS 0x000000008c700000, 0x000000008c700000| Untracked 
| 199|0x000000008c700000, 0x000000008c800000, 0x000000008c800000|100%| O|  |TAMS 0x000000008c800000, 0x000000008c800000| Untracked 
| 200|0x000000008c800000, 0x000000008c900000, 0x000000008c900000|100%| O|  |TAMS 0x000000008c900000, 0x000000008c900000| Untracked 
| 201|0x000000008c900000, 0x000000008ca00000, 0x000000008ca00000|100%| O|  |TAMS 0x000000008ca00000, 0x000000008ca00000| Untracked 
| 202|0x000000008ca00000, 0x000000008cb00000, 0x000000008cb00000|100%| O|  |TAMS 0x000000008cb00000, 0x000000008cb00000| Untracked 
| 203|0x000000008cb00000, 0x000000008cc00000, 0x000000008cc00000|100%| O|  |TAMS 0x000000008cc00000, 0x000000008cc00000| Untracked 
| 204|0x000000008cc00000, 0x000000008cd00000, 0x000000008cd00000|100%| O|  |TAMS 0x000000008cd00000, 0x000000008cd00000| Untracked 
| 205|0x000000008cd00000, 0x000000008ce00000, 0x000000008ce00000|100%| O|  |TAMS 0x000000008ce00000, 0x000000008ce00000| Untracked 
| 206|0x000000008ce00000, 0x000000008cf00000, 0x000000008cf00000|100%| O|  |TAMS 0x000000008cf00000, 0x000000008cf00000| Untracked 
| 207|0x000000008cf00000, 0x000000008d000000, 0x000000008d000000|100%| O|  |TAMS 0x000000008d000000, 0x000000008d000000| Untracked 
| 208|0x000000008d000000, 0x000000008d100000, 0x000000008d100000|100%| O|  |TAMS 0x000000008d100000, 0x000000008d100000| Untracked 
| 209|0x000000008d100000, 0x000000008d200000, 0x000000008d200000|100%| O|  |TAMS 0x000000008d100000, 0x000000008d200000| Untracked 
| 210|0x000000008d200000, 0x000000008d300000, 0x000000008d300000|100%| O|  |TAMS 0x000000008d300000, 0x000000008d300000| Untracked 
| 211|0x000000008d300000, 0x000000008d400000, 0x000000008d400000|100%| O|  |TAMS 0x000000008d400000, 0x000000008d400000| Untracked 
| 212|0x000000008d400000, 0x000000008d500000, 0x000000008d500000|100%| O|  |TAMS 0x000000008d500000, 0x000000008d500000| Untracked 
| 213|0x000000008d500000, 0x000000008d600000, 0x000000008d600000|100%| O|  |TAMS 0x000000008d500000, 0x000000008d600000| Untracked 
| 214|0x000000008d600000, 0x000000008d700000, 0x000000008d700000|100%| O|  |TAMS 0x000000008d700000, 0x000000008d700000| Untracked 
| 215|0x000000008d700000, 0x000000008d800000, 0x000000008d800000|100%| O|  |TAMS 0x000000008d800000, 0x000000008d800000| Untracked 
| 216|0x000000008d800000, 0x000000008d900000, 0x000000008d900000|100%|HS|  |TAMS 0x000000008d900000, 0x000000008d900000| Complete 
| 217|0x000000008d900000, 0x000000008da00000, 0x000000008da00000|100%|HS|  |TAMS 0x000000008da00000, 0x000000008da00000| Complete 
| 218|0x000000008da00000, 0x000000008db00000, 0x000000008db00000|100%|HC|  |TAMS 0x000000008db00000, 0x000000008db00000| Complete 
| 219|0x000000008db00000, 0x000000008dc00000, 0x000000008dc00000|100%|HS|  |TAMS 0x000000008dc00000, 0x000000008dc00000| Complete 
| 220|0x000000008dc00000, 0x000000008dd00000, 0x000000008dd00000|100%|HS|  |TAMS 0x000000008dd00000, 0x000000008dd00000| Complete 
| 221|0x000000008dd00000, 0x000000008de00000, 0x000000008de00000|100%|HS|  |TAMS 0x000000008de00000, 0x000000008de00000| Complete 
| 222|0x000000008de00000, 0x000000008df00000, 0x000000008df00000|100%|HS|  |TAMS 0x000000008df00000, 0x000000008df00000| Complete 
| 223|0x000000008df00000, 0x000000008e000000, 0x000000008e000000|100%|HS|  |TAMS 0x000000008e000000, 0x000000008e000000| Complete 
| 224|0x000000008e000000, 0x000000008e100000, 0x000000008e100000|100%|HS|  |TAMS 0x000000008e100000, 0x000000008e100000| Complete 
| 225|0x000000008e100000, 0x000000008e200000, 0x000000008e200000|100%|HC|  |TAMS 0x000000008e200000, 0x000000008e200000| Complete 
| 226|0x000000008e200000, 0x000000008e300000, 0x000000008e300000|100%| O|  |TAMS 0x000000008e200000, 0x000000008e300000| Untracked 
| 227|0x000000008e300000, 0x000000008e400000, 0x000000008e400000|100%| O|  |TAMS 0x000000008e300000, 0x000000008e400000| Untracked 
| 228|0x000000008e400000, 0x000000008e500000, 0x000000008e500000|100%| O|  |TAMS 0x000000008e500000, 0x000000008e500000| Untracked 
| 229|0x000000008e500000, 0x000000008e600000, 0x000000008e600000|100%| O|  |TAMS 0x000000008e600000, 0x000000008e600000| Untracked 
| 230|0x000000008e600000, 0x000000008e700000, 0x000000008e700000|100%| O|  |TAMS 0x000000008e600000, 0x000000008e700000| Untracked 
| 231|0x000000008e700000, 0x000000008e800000, 0x000000008e800000|100%| O|  |TAMS 0x000000008e700000, 0x000000008e800000| Untracked 
| 232|0x000000008e800000, 0x000000008e900000, 0x000000008e900000|100%| O|  |TAMS 0x000000008e800000, 0x000000008e900000| Untracked 
| 233|0x000000008e900000, 0x000000008ea00000, 0x000000008ea00000|100%| O|  |TAMS 0x000000008e900000, 0x000000008ea00000| Untracked 
| 234|0x000000008ea00000, 0x000000008eb00000, 0x000000008eb00000|100%| O|  |TAMS 0x000000008ea00000, 0x000000008eb00000| Untracked 
| 235|0x000000008eb00000, 0x000000008ec00000, 0x000000008ec00000|100%| O|  |TAMS 0x000000008eb00000, 0x000000008ec00000| Untracked 
| 236|0x000000008ec00000, 0x000000008ed00000, 0x000000008ed00000|100%| O|  |TAMS 0x000000008ec00000, 0x000000008ed00000| Untracked 
| 237|0x000000008ed00000, 0x000000008ee00000, 0x000000008ee00000|100%| O|  |TAMS 0x000000008ed00000, 0x000000008ee00000| Untracked 
| 238|0x000000008ee00000, 0x000000008ef00000, 0x000000008ef00000|100%| O|  |TAMS 0x000000008ef00000, 0x000000008ef00000| Untracked 
| 239|0x000000008ef00000, 0x000000008f000000, 0x000000008f000000|100%| O|  |TAMS 0x000000008f000000, 0x000000008f000000| Untracked 
| 240|0x000000008f000000, 0x000000008f100000, 0x000000008f100000|100%| O|  |TAMS 0x000000008f100000, 0x000000008f100000| Untracked 
| 241|0x000000008f100000, 0x000000008f200000, 0x000000008f200000|100%| O|  |TAMS 0x000000008f200000, 0x000000008f200000| Untracked 
| 242|0x000000008f200000, 0x000000008f300000, 0x000000008f300000|100%| O|  |TAMS 0x000000008f300000, 0x000000008f300000| Untracked 
| 243|0x000000008f300000, 0x000000008f400000, 0x000000008f400000|100%| O|  |TAMS 0x000000008f400000, 0x000000008f400000| Untracked 
| 244|0x000000008f400000, 0x000000008f500000, 0x000000008f500000|100%| O|  |TAMS 0x000000008f500000, 0x000000008f500000| Untracked 
| 245|0x000000008f500000, 0x000000008f600000, 0x000000008f600000|100%| O|  |TAMS 0x000000008f600000, 0x000000008f600000| Untracked 
| 246|0x000000008f600000, 0x000000008f700000, 0x000000008f700000|100%| O|  |TAMS 0x000000008f700000, 0x000000008f700000| Untracked 
| 247|0x000000008f700000, 0x000000008f800000, 0x000000008f800000|100%| O|  |TAMS 0x000000008f800000, 0x000000008f800000| Untracked 
| 248|0x000000008f800000, 0x000000008f900000, 0x000000008f900000|100%| O|  |TAMS 0x000000008f900000, 0x000000008f900000| Untracked 
| 249|0x000000008f900000, 0x000000008fa00000, 0x000000008fa00000|100%| O|  |TAMS 0x000000008fa00000, 0x000000008fa00000| Untracked 
| 250|0x000000008fa00000, 0x000000008fb00000, 0x000000008fb00000|100%| O|  |TAMS 0x000000008fa00000, 0x000000008fb00000| Untracked 
| 251|0x000000008fb00000, 0x000000008fc00000, 0x000000008fc00000|100%| O|  |TAMS 0x000000008fb00000, 0x000000008fc00000| Untracked 
| 252|0x000000008fc00000, 0x000000008fd00000, 0x000000008fd00000|100%| O|  |TAMS 0x000000008fc00000, 0x000000008fd00000| Untracked 
| 253|0x000000008fd00000, 0x000000008fe00000, 0x000000008fe00000|100%| O|  |TAMS 0x000000008fd00000, 0x000000008fe00000| Untracked 
| 254|0x000000008fe00000, 0x000000008ff00000, 0x000000008ff00000|100%| O|  |TAMS 0x000000008fe00000, 0x000000008ff00000| Untracked 
| 255|0x000000008ff00000, 0x0000000090000000, 0x0000000090000000|100%| O|  |TAMS 0x000000008ff00000, 0x0000000090000000| Untracked 
| 256|0x0000000090000000, 0x0000000090100000, 0x0000000090100000|100%| O|  |TAMS 0x0000000090000000, 0x0000000090100000| Untracked 
| 257|0x0000000090100000, 0x0000000090200000, 0x0000000090200000|100%| O|  |TAMS 0x0000000090100000, 0x0000000090200000| Untracked 
| 258|0x0000000090200000, 0x0000000090300000, 0x0000000090300000|100%| O|  |TAMS 0x0000000090200000, 0x0000000090300000| Untracked 
| 259|0x0000000090300000, 0x0000000090400000, 0x0000000090400000|100%| O|  |TAMS 0x0000000090300000, 0x0000000090400000| Untracked 
| 260|0x0000000090400000, 0x0000000090500000, 0x0000000090500000|100%| O|  |TAMS 0x0000000090400000, 0x0000000090500000| Untracked 
| 261|0x0000000090500000, 0x0000000090600000, 0x0000000090600000|100%| O|  |TAMS 0x0000000090500000, 0x0000000090600000| Untracked 
| 262|0x0000000090600000, 0x0000000090700000, 0x0000000090700000|100%| O|  |TAMS 0x0000000090600000, 0x0000000090700000| Untracked 
| 263|0x0000000090700000, 0x0000000090800000, 0x0000000090800000|100%| O|  |TAMS 0x0000000090700000, 0x0000000090800000| Untracked 
| 264|0x0000000090800000, 0x0000000090900000, 0x0000000090900000|100%| O|  |TAMS 0x0000000090800000, 0x0000000090900000| Untracked 
| 265|0x0000000090900000, 0x0000000090a00000, 0x0000000090a00000|100%| O|  |TAMS 0x0000000090900000, 0x0000000090a00000| Untracked 
| 266|0x0000000090a00000, 0x0000000090b00000, 0x0000000090b00000|100%| O|  |TAMS 0x0000000090a00000, 0x0000000090b00000| Untracked 
| 267|0x0000000090b00000, 0x0000000090c00000, 0x0000000090c00000|100%| O|  |TAMS 0x0000000090b00000, 0x0000000090c00000| Untracked 
| 268|0x0000000090c00000, 0x0000000090d00000, 0x0000000090d00000|100%| O|  |TAMS 0x0000000090c00000, 0x0000000090d00000| Untracked 
| 269|0x0000000090d00000, 0x0000000090e00000, 0x0000000090e00000|100%| O|  |TAMS 0x0000000090d00000, 0x0000000090e00000| Untracked 
| 270|0x0000000090e00000, 0x0000000090f00000, 0x0000000090f00000|100%| O|  |TAMS 0x0000000090e00000, 0x0000000090f00000| Untracked 
| 271|0x0000000090f00000, 0x0000000091000000, 0x0000000091000000|100%| O|  |TAMS 0x0000000090f00000, 0x0000000091000000| Untracked 
| 272|0x0000000091000000, 0x0000000091100000, 0x0000000091100000|100%| O|  |TAMS 0x0000000091000000, 0x0000000091100000| Untracked 
| 273|0x0000000091100000, 0x0000000091200000, 0x0000000091200000|100%| O|  |TAMS 0x0000000091100000, 0x0000000091200000| Untracked 
| 274|0x0000000091200000, 0x0000000091300000, 0x0000000091300000|100%| O|  |TAMS 0x0000000091200000, 0x0000000091300000| Untracked 
| 275|0x0000000091300000, 0x0000000091400000, 0x0000000091400000|100%| O|  |TAMS 0x0000000091300000, 0x0000000091400000| Untracked 
| 276|0x0000000091400000, 0x0000000091500000, 0x0000000091500000|100%| O|  |TAMS 0x0000000091400000, 0x0000000091500000| Untracked 
| 277|0x0000000091500000, 0x0000000091600000, 0x0000000091600000|100%| O|  |TAMS 0x0000000091500000, 0x0000000091600000| Untracked 
| 278|0x0000000091600000, 0x0000000091700000, 0x0000000091700000|100%| O|  |TAMS 0x0000000091600000, 0x0000000091700000| Untracked 
| 279|0x0000000091700000, 0x0000000091800000, 0x0000000091800000|100%| O|  |TAMS 0x0000000091700000, 0x0000000091800000| Untracked 
| 280|0x0000000091800000, 0x0000000091900000, 0x0000000091900000|100%| O|  |TAMS 0x0000000091800000, 0x0000000091900000| Untracked 
| 281|0x0000000091900000, 0x0000000091a00000, 0x0000000091a00000|100%| O|  |TAMS 0x0000000091900000, 0x0000000091a00000| Untracked 
| 282|0x0000000091a00000, 0x0000000091b00000, 0x0000000091b00000|100%| O|  |TAMS 0x0000000091a00000, 0x0000000091b00000| Untracked 
| 283|0x0000000091b00000, 0x0000000091c00000, 0x0000000091c00000|100%| O|  |TAMS 0x0000000091b00000, 0x0000000091c00000| Untracked 
| 284|0x0000000091c00000, 0x0000000091d00000, 0x0000000091d00000|100%| O|  |TAMS 0x0000000091c00000, 0x0000000091d00000| Untracked 
| 285|0x0000000091d00000, 0x0000000091e00000, 0x0000000091e00000|100%| O|  |TAMS 0x0000000091d00000, 0x0000000091e00000| Untracked 
| 286|0x0000000091e00000, 0x0000000091f00000, 0x0000000091f00000|100%| O|  |TAMS 0x0000000091e00000, 0x0000000091f00000| Untracked 
| 287|0x0000000091f00000, 0x0000000092000000, 0x0000000092000000|100%| O|  |TAMS 0x0000000091f00000, 0x0000000092000000| Untracked 
| 288|0x0000000092000000, 0x0000000092100000, 0x0000000092100000|100%| O|  |TAMS 0x0000000092000000, 0x0000000092100000| Untracked 
| 289|0x0000000092100000, 0x0000000092200000, 0x0000000092200000|100%| O|  |TAMS 0x0000000092100000, 0x0000000092200000| Untracked 
| 290|0x0000000092200000, 0x0000000092300000, 0x0000000092300000|100%| O|  |TAMS 0x0000000092200000, 0x0000000092300000| Untracked 
| 291|0x0000000092300000, 0x0000000092400000, 0x0000000092400000|100%| O|  |TAMS 0x0000000092300000, 0x0000000092300000| Untracked 
| 292|0x0000000092400000, 0x0000000092500000, 0x0000000092500000|100%| O|  |TAMS 0x0000000092400000, 0x0000000092400000| Untracked 
| 293|0x0000000092500000, 0x0000000092600000, 0x0000000092600000|100%| O|  |TAMS 0x0000000092500000, 0x0000000092500000| Untracked 
| 294|0x0000000092600000, 0x0000000092700000, 0x0000000092700000|100%| O|  |TAMS 0x0000000092600000, 0x0000000092600000| Untracked 
| 295|0x0000000092700000, 0x0000000092800000, 0x0000000092800000|100%| O|  |TAMS 0x0000000092700000, 0x0000000092700000| Untracked 
| 296|0x0000000092800000, 0x0000000092900000, 0x0000000092900000|100%| O|  |TAMS 0x0000000092800000, 0x0000000092800000| Untracked 
| 297|0x0000000092900000, 0x0000000092a00000, 0x0000000092a00000|100%| O|  |TAMS 0x0000000092900000, 0x0000000092900000| Untracked 
| 298|0x0000000092a00000, 0x0000000092b00000, 0x0000000092b00000|100%| O|  |TAMS 0x0000000092a00000, 0x0000000092a00000| Untracked 
| 299|0x0000000092b00000, 0x0000000092c00000, 0x0000000092c00000|100%| O|  |TAMS 0x0000000092b00000, 0x0000000092b00000| Untracked 
| 300|0x0000000092c00000, 0x0000000092d00000, 0x0000000092d00000|100%| O|  |TAMS 0x0000000092c00000, 0x0000000092c00000| Untracked 
| 301|0x0000000092d00000, 0x0000000092e00000, 0x0000000092e00000|100%| O|  |TAMS 0x0000000092d00000, 0x0000000092d00000| Untracked 
| 302|0x0000000092e00000, 0x0000000092f00000, 0x0000000092f00000|100%| O|  |TAMS 0x0000000092e00000, 0x0000000092e00000| Untracked 
| 303|0x0000000092f00000, 0x0000000093000000, 0x0000000093000000|100%| O|  |TAMS 0x0000000092f00000, 0x0000000092f00000| Untracked 
| 304|0x0000000093000000, 0x0000000093100000, 0x0000000093100000|100%| O|  |TAMS 0x0000000093000000, 0x0000000093000000| Untracked 
| 305|0x0000000093100000, 0x0000000093200000, 0x0000000093200000|100%| O|  |TAMS 0x0000000093100000, 0x0000000093100000| Untracked 
| 306|0x0000000093200000, 0x0000000093300000, 0x0000000093300000|100%| O|  |TAMS 0x0000000093200000, 0x0000000093200000| Untracked 
| 307|0x0000000093300000, 0x0000000093400000, 0x0000000093400000|100%| O|  |TAMS 0x0000000093300000, 0x0000000093300000| Untracked 
| 308|0x0000000093400000, 0x0000000093500000, 0x0000000093500000|100%| O|  |TAMS 0x0000000093400000, 0x0000000093400000| Untracked 
| 309|0x0000000093500000, 0x0000000093600000, 0x0000000093600000|100%| O|  |TAMS 0x0000000093500000, 0x0000000093500000| Untracked 
| 310|0x0000000093600000, 0x0000000093700000, 0x0000000093700000|100%| O|  |TAMS 0x0000000093700000, 0x0000000093700000| Untracked 
| 311|0x0000000093700000, 0x0000000093800000, 0x0000000093800000|100%| O|  |TAMS 0x0000000093800000, 0x0000000093800000| Untracked 
| 312|0x0000000093800000, 0x0000000093900000, 0x0000000093900000|100%| O|  |TAMS 0x0000000093900000, 0x0000000093900000| Untracked 
| 313|0x0000000093900000, 0x0000000093a00000, 0x0000000093a00000|100%| O|  |TAMS 0x0000000093a00000, 0x0000000093a00000| Untracked 
| 314|0x0000000093a00000, 0x0000000093b00000, 0x0000000093b00000|100%| O|  |TAMS 0x0000000093b00000, 0x0000000093b00000| Untracked 
| 315|0x0000000093b00000, 0x0000000093c00000, 0x0000000093c00000|100%| O|  |TAMS 0x0000000093c00000, 0x0000000093c00000| Untracked 
| 316|0x0000000093c00000, 0x0000000093d00000, 0x0000000093d00000|100%| O|  |TAMS 0x0000000093d00000, 0x0000000093d00000| Untracked 
| 317|0x0000000093d00000, 0x0000000093e00000, 0x0000000093e00000|100%| O|  |TAMS 0x0000000093e00000, 0x0000000093e00000| Untracked 
| 318|0x0000000093e00000, 0x0000000093f00000, 0x0000000093f00000|100%| O|  |TAMS 0x0000000093f00000, 0x0000000093f00000| Untracked 
| 319|0x0000000093f00000, 0x0000000094000000, 0x0000000094000000|100%| O|  |TAMS 0x0000000094000000, 0x0000000094000000| Untracked 
| 320|0x0000000094000000, 0x0000000094100000, 0x0000000094100000|100%| O|  |TAMS 0x0000000094100000, 0x0000000094100000| Untracked 
| 321|0x0000000094100000, 0x0000000094200000, 0x0000000094200000|100%| O|  |TAMS 0x0000000094121600, 0x0000000094200000| Untracked 
| 322|0x0000000094200000, 0x0000000094300000, 0x0000000094300000|100%| O|  |TAMS 0x0000000094200000, 0x0000000094200000| Untracked 
| 323|0x0000000094300000, 0x0000000094400000, 0x0000000094400000|100%| O|  |TAMS 0x0000000094300000, 0x0000000094300000| Untracked 
| 324|0x0000000094400000, 0x0000000094500000, 0x0000000094500000|100%| O|  |TAMS 0x0000000094400000, 0x0000000094400000| Untracked 
| 325|0x0000000094500000, 0x0000000094600000, 0x0000000094600000|100%| O|  |TAMS 0x0000000094500000, 0x0000000094500000| Untracked 
| 326|0x0000000094600000, 0x0000000094700000, 0x0000000094700000|100%| O|  |TAMS 0x0000000094600000, 0x0000000094600000| Untracked 
| 327|0x0000000094700000, 0x0000000094800000, 0x0000000094800000|100%| O|  |TAMS 0x0000000094700000, 0x0000000094700000| Untracked 
| 328|0x0000000094800000, 0x0000000094900000, 0x0000000094900000|100%| O|  |TAMS 0x0000000094800000, 0x0000000094800000| Untracked 
| 329|0x0000000094900000, 0x0000000094a00000, 0x0000000094a00000|100%| O|  |TAMS 0x0000000094900000, 0x0000000094900000| Untracked 
| 330|0x0000000094a00000, 0x0000000094b00000, 0x0000000094b00000|100%| O|  |TAMS 0x0000000094a00000, 0x0000000094a00000| Untracked 
| 331|0x0000000094b00000, 0x0000000094c00000, 0x0000000094c00000|100%| O|  |TAMS 0x0000000094b00000, 0x0000000094b00000| Untracked 
| 332|0x0000000094c00000, 0x0000000094d00000, 0x0000000094d00000|100%| O|  |TAMS 0x0000000094c00000, 0x0000000094c00000| Untracked 
| 333|0x0000000094d00000, 0x0000000094e00000, 0x0000000094e00000|100%| O|  |TAMS 0x0000000094d00000, 0x0000000094d00000| Untracked 
| 334|0x0000000094e00000, 0x0000000094f00000, 0x0000000094f00000|100%| O|  |TAMS 0x0000000094e00000, 0x0000000094e00000| Untracked 
| 335|0x0000000094f00000, 0x0000000095000000, 0x0000000095000000|100%| O|  |TAMS 0x0000000094f00000, 0x0000000094f00000| Untracked 
| 336|0x0000000095000000, 0x0000000095100000, 0x0000000095100000|100%| O|  |TAMS 0x0000000095000000, 0x0000000095000000| Untracked 
| 337|0x0000000095100000, 0x0000000095200000, 0x0000000095200000|100%| O|  |TAMS 0x0000000095100000, 0x0000000095100000| Untracked 
| 338|0x0000000095200000, 0x0000000095300000, 0x0000000095300000|100%| O|  |TAMS 0x0000000095200000, 0x0000000095200000| Untracked 
| 339|0x0000000095300000, 0x0000000095400000, 0x0000000095400000|100%| O|  |TAMS 0x0000000095300000, 0x0000000095300000| Untracked 
| 340|0x0000000095400000, 0x0000000095500000, 0x0000000095500000|100%| O|  |TAMS 0x0000000095400000, 0x0000000095400000| Untracked 
| 341|0x0000000095500000, 0x0000000095600000, 0x0000000095600000|100%| O|  |TAMS 0x0000000095500000, 0x0000000095500000| Untracked 
| 342|0x0000000095600000, 0x0000000095700000, 0x0000000095700000|100%| O|  |TAMS 0x0000000095600000, 0x0000000095600000| Untracked 
| 343|0x0000000095700000, 0x0000000095750c00, 0x0000000095800000| 31%| O|  |TAMS 0x0000000095700000, 0x0000000095700000| Untracked 
| 344|0x0000000095800000, 0x0000000095800000, 0x0000000095900000|  0%| F|  |TAMS 0x0000000095800000, 0x0000000095800000| Untracked 
| 345|0x0000000095900000, 0x0000000095900000, 0x0000000095a00000|  0%| F|  |TAMS 0x0000000095900000, 0x0000000095900000| Untracked 
| 346|0x0000000095a00000, 0x0000000095a00000, 0x0000000095b00000|  0%| F|  |TAMS 0x0000000095a00000, 0x0000000095a00000| Untracked 
| 347|0x0000000095b00000, 0x0000000095b00000, 0x0000000095c00000|  0%| F|  |TAMS 0x0000000095b00000, 0x0000000095b00000| Untracked 
| 348|0x0000000095c00000, 0x0000000095c00000, 0x0000000095d00000|  0%| F|  |TAMS 0x0000000095c00000, 0x0000000095c00000| Untracked 
| 349|0x0000000095d00000, 0x0000000095d00000, 0x0000000095e00000|  0%| F|  |TAMS 0x0000000095d00000, 0x0000000095d00000| Untracked 
| 350|0x0000000095e00000, 0x0000000095e00000, 0x0000000095f00000|  0%| F|  |TAMS 0x0000000095e00000, 0x0000000095e00000| Untracked 
| 351|0x0000000095f00000, 0x0000000095f00000, 0x0000000096000000|  0%| F|  |TAMS 0x0000000095f00000, 0x0000000095f00000| Untracked 
| 352|0x0000000096000000, 0x0000000096000000, 0x0000000096100000|  0%| F|  |TAMS 0x0000000096000000, 0x0000000096000000| Untracked 
| 353|0x0000000096100000, 0x0000000096100000, 0x0000000096200000|  0%| F|  |TAMS 0x0000000096100000, 0x0000000096100000| Untracked 
| 354|0x0000000096200000, 0x0000000096200000, 0x0000000096300000|  0%| F|  |TAMS 0x0000000096200000, 0x0000000096200000| Untracked 
| 355|0x0000000096300000, 0x0000000096300000, 0x0000000096400000|  0%| F|  |TAMS 0x0000000096300000, 0x0000000096300000| Untracked 
| 356|0x0000000096400000, 0x0000000096400000, 0x0000000096500000|  0%| F|  |TAMS 0x0000000096400000, 0x0000000096400000| Untracked 
| 357|0x0000000096500000, 0x0000000096500000, 0x0000000096600000|  0%| F|  |TAMS 0x0000000096500000, 0x0000000096500000| Untracked 
| 358|0x0000000096600000, 0x0000000096600000, 0x0000000096700000|  0%| F|  |TAMS 0x0000000096600000, 0x0000000096600000| Untracked 
| 359|0x0000000096700000, 0x0000000096700000, 0x0000000096800000|  0%| F|  |TAMS 0x0000000096700000, 0x0000000096700000| Untracked 
| 360|0x0000000096800000, 0x0000000096800000, 0x0000000096900000|  0%| F|  |TAMS 0x0000000096800000, 0x0000000096800000| Untracked 
| 361|0x0000000096900000, 0x0000000096900000, 0x0000000096a00000|  0%| F|  |TAMS 0x0000000096900000, 0x0000000096900000| Untracked 
| 362|0x0000000096a00000, 0x0000000096a00000, 0x0000000096b00000|  0%| F|  |TAMS 0x0000000096a00000, 0x0000000096a00000| Untracked 
| 363|0x0000000096b00000, 0x0000000096b00000, 0x0000000096c00000|  0%| F|  |TAMS 0x0000000096b00000, 0x0000000096b00000| Untracked 
| 364|0x0000000096c00000, 0x0000000096c00000, 0x0000000096d00000|  0%| F|  |TAMS 0x0000000096c00000, 0x0000000096c00000| Untracked 
| 365|0x0000000096d00000, 0x0000000096d00000, 0x0000000096e00000|  0%| F|  |TAMS 0x0000000096d00000, 0x0000000096d00000| Untracked 
| 366|0x0000000096e00000, 0x0000000096e00000, 0x0000000096f00000|  0%| F|  |TAMS 0x0000000096e00000, 0x0000000096e00000| Untracked 
| 367|0x0000000096f00000, 0x0000000096f00000, 0x0000000097000000|  0%| F|  |TAMS 0x0000000096f00000, 0x0000000096f00000| Untracked 
| 368|0x0000000097000000, 0x0000000097000000, 0x0000000097100000|  0%| F|  |TAMS 0x0000000097000000, 0x0000000097000000| Untracked 
| 369|0x0000000097100000, 0x0000000097100000, 0x0000000097200000|  0%| F|  |TAMS 0x0000000097100000, 0x0000000097100000| Untracked 
| 370|0x0000000097200000, 0x0000000097200000, 0x0000000097300000|  0%| F|  |TAMS 0x0000000097200000, 0x0000000097200000| Untracked 
| 371|0x0000000097300000, 0x0000000097300000, 0x0000000097400000|  0%| F|  |TAMS 0x0000000097300000, 0x0000000097300000| Untracked 
| 372|0x0000000097400000, 0x0000000097400000, 0x0000000097500000|  0%| F|  |TAMS 0x0000000097400000, 0x0000000097400000| Untracked 
| 373|0x0000000097500000, 0x0000000097500000, 0x0000000097600000|  0%| F|  |TAMS 0x0000000097500000, 0x0000000097500000| Untracked 
| 374|0x0000000097600000, 0x0000000097600000, 0x0000000097700000|  0%| F|  |TAMS 0x0000000097600000, 0x0000000097600000| Untracked 
| 375|0x0000000097700000, 0x0000000097700000, 0x0000000097800000|  0%| F|  |TAMS 0x0000000097700000, 0x0000000097700000| Untracked 
| 376|0x0000000097800000, 0x0000000097800000, 0x0000000097900000|  0%| F|  |TAMS 0x0000000097800000, 0x0000000097800000| Untracked 
| 377|0x0000000097900000, 0x0000000097900000, 0x0000000097a00000|  0%| F|  |TAMS 0x0000000097900000, 0x0000000097900000| Untracked 
| 378|0x0000000097a00000, 0x0000000097a00000, 0x0000000097b00000|  0%| F|  |TAMS 0x0000000097a00000, 0x0000000097a00000| Untracked 
| 379|0x0000000097b00000, 0x0000000097b00000, 0x0000000097c00000|  0%| F|  |TAMS 0x0000000097b00000, 0x0000000097b00000| Untracked 
| 380|0x0000000097c00000, 0x0000000097c00000, 0x0000000097d00000|  0%| F|  |TAMS 0x0000000097c00000, 0x0000000097c00000| Untracked 
| 381|0x0000000097d00000, 0x0000000097d00000, 0x0000000097e00000|  0%| F|  |TAMS 0x0000000097d00000, 0x0000000097d00000| Untracked 
| 382|0x0000000097e00000, 0x0000000097e00000, 0x0000000097f00000|  0%| F|  |TAMS 0x0000000097e00000, 0x0000000097e00000| Untracked 
| 383|0x0000000097f00000, 0x0000000097f00000, 0x0000000098000000|  0%| F|  |TAMS 0x0000000097f00000, 0x0000000097f00000| Untracked 
| 384|0x0000000098000000, 0x0000000098000000, 0x0000000098100000|  0%| F|  |TAMS 0x0000000098000000, 0x0000000098000000| Untracked 
| 385|0x0000000098100000, 0x0000000098100000, 0x0000000098200000|  0%| F|  |TAMS 0x0000000098100000, 0x0000000098100000| Untracked 
| 386|0x0000000098200000, 0x0000000098200000, 0x0000000098300000|  0%| F|  |TAMS 0x0000000098200000, 0x0000000098200000| Untracked 
| 387|0x0000000098300000, 0x0000000098300000, 0x0000000098400000|  0%| F|  |TAMS 0x0000000098300000, 0x0000000098300000| Untracked 
| 388|0x0000000098400000, 0x0000000098400000, 0x0000000098500000|  0%| F|  |TAMS 0x0000000098400000, 0x0000000098400000| Untracked 
| 389|0x0000000098500000, 0x0000000098500000, 0x0000000098600000|  0%| F|  |TAMS 0x0000000098500000, 0x0000000098500000| Untracked 
| 390|0x0000000098600000, 0x0000000098600000, 0x0000000098700000|  0%| F|  |TAMS 0x0000000098600000, 0x0000000098600000| Untracked 
| 391|0x0000000098700000, 0x0000000098700000, 0x0000000098800000|  0%| F|  |TAMS 0x0000000098700000, 0x0000000098700000| Untracked 
| 392|0x0000000098800000, 0x0000000098800000, 0x0000000098900000|  0%| F|  |TAMS 0x0000000098800000, 0x0000000098800000| Untracked 
| 393|0x0000000098900000, 0x0000000098900000, 0x0000000098a00000|  0%| F|  |TAMS 0x0000000098900000, 0x0000000098900000| Untracked 
| 394|0x0000000098a00000, 0x0000000098a00000, 0x0000000098b00000|  0%| F|  |TAMS 0x0000000098a00000, 0x0000000098a00000| Untracked 
| 395|0x0000000098b00000, 0x0000000098b00000, 0x0000000098c00000|  0%| F|  |TAMS 0x0000000098b00000, 0x0000000098b00000| Untracked 
| 396|0x0000000098c00000, 0x0000000098c00000, 0x0000000098d00000|  0%| F|  |TAMS 0x0000000098c00000, 0x0000000098c00000| Untracked 
| 397|0x0000000098d00000, 0x0000000098d00000, 0x0000000098e00000|  0%| F|  |TAMS 0x0000000098d00000, 0x0000000098d00000| Untracked 
| 398|0x0000000098e00000, 0x0000000098e00000, 0x0000000098f00000|  0%| F|  |TAMS 0x0000000098e00000, 0x0000000098e00000| Untracked 
| 399|0x0000000098f00000, 0x0000000098f00000, 0x0000000099000000|  0%| F|  |TAMS 0x0000000098f00000, 0x0000000098f00000| Untracked 
| 400|0x0000000099000000, 0x0000000099000000, 0x0000000099100000|  0%| F|  |TAMS 0x0000000099000000, 0x0000000099000000| Untracked 
| 401|0x0000000099100000, 0x0000000099100000, 0x0000000099200000|  0%| F|  |TAMS 0x0000000099100000, 0x0000000099100000| Untracked 
| 402|0x0000000099200000, 0x0000000099200000, 0x0000000099300000|  0%| F|  |TAMS 0x0000000099200000, 0x0000000099200000| Untracked 
| 403|0x0000000099300000, 0x0000000099300000, 0x0000000099400000|  0%| F|  |TAMS 0x0000000099300000, 0x0000000099300000| Untracked 
| 404|0x0000000099400000, 0x0000000099400000, 0x0000000099500000|  0%| F|  |TAMS 0x0000000099400000, 0x0000000099400000| Untracked 
| 405|0x0000000099500000, 0x0000000099500000, 0x0000000099600000|  0%| F|  |TAMS 0x0000000099500000, 0x0000000099500000| Untracked 
| 406|0x0000000099600000, 0x0000000099600000, 0x0000000099700000|  0%| F|  |TAMS 0x0000000099600000, 0x0000000099600000| Untracked 
| 407|0x0000000099700000, 0x0000000099700000, 0x0000000099800000|  0%| F|  |TAMS 0x0000000099700000, 0x0000000099700000| Untracked 
| 408|0x0000000099800000, 0x0000000099900000, 0x0000000099900000|100%| S|CS|TAMS 0x0000000099800000, 0x0000000099800000| Complete 
| 409|0x0000000099900000, 0x0000000099a00000, 0x0000000099a00000|100%| S|CS|TAMS 0x0000000099900000, 0x0000000099900000| Complete 
| 410|0x0000000099a00000, 0x0000000099b00000, 0x0000000099b00000|100%| S|CS|TAMS 0x0000000099a00000, 0x0000000099a00000| Complete 
| 411|0x0000000099b00000, 0x0000000099c00000, 0x0000000099c00000|100%| S|CS|TAMS 0x0000000099b00000, 0x0000000099b00000| Complete 
| 412|0x0000000099c00000, 0x0000000099d00000, 0x0000000099d00000|100%| S|CS|TAMS 0x0000000099c00000, 0x0000000099c00000| Complete 
| 413|0x0000000099d00000, 0x0000000099e00000, 0x0000000099e00000|100%| S|CS|TAMS 0x0000000099d00000, 0x0000000099d00000| Complete 
| 414|0x0000000099e00000, 0x0000000099f00000, 0x0000000099f00000|100%| S|CS|TAMS 0x0000000099e00000, 0x0000000099e00000| Complete 
| 415|0x0000000099f00000, 0x000000009a000000, 0x000000009a000000|100%| S|CS|TAMS 0x0000000099f00000, 0x0000000099f00000| Complete 
| 416|0x000000009a000000, 0x000000009a100000, 0x000000009a100000|100%| S|CS|TAMS 0x000000009a000000, 0x000000009a000000| Complete 
| 417|0x000000009a100000, 0x000000009a200000, 0x000000009a200000|100%| S|CS|TAMS 0x000000009a100000, 0x000000009a100000| Complete 
| 418|0x000000009a200000, 0x000000009a200000, 0x000000009a300000|  0%| F|  |TAMS 0x000000009a200000, 0x000000009a200000| Untracked 
| 419|0x000000009a300000, 0x000000009a300000, 0x000000009a400000|  0%| F|  |TAMS 0x000000009a300000, 0x000000009a300000| Untracked 
| 420|0x000000009a400000, 0x000000009a400000, 0x000000009a500000|  0%| F|  |TAMS 0x000000009a400000, 0x000000009a400000| Untracked 
| 421|0x000000009a500000, 0x000000009a500000, 0x000000009a600000|  0%| F|  |TAMS 0x000000009a500000, 0x000000009a500000| Untracked 
| 422|0x000000009a600000, 0x000000009a600000, 0x000000009a700000|  0%| F|  |TAMS 0x000000009a600000, 0x000000009a600000| Untracked 
| 423|0x000000009a700000, 0x000000009a700000, 0x000000009a800000|  0%| F|  |TAMS 0x000000009a700000, 0x000000009a700000| Untracked 
| 424|0x000000009a800000, 0x000000009a800000, 0x000000009a900000|  0%| F|  |TAMS 0x000000009a800000, 0x000000009a800000| Untracked 
| 425|0x000000009a900000, 0x000000009a900000, 0x000000009aa00000|  0%| F|  |TAMS 0x000000009a900000, 0x000000009a900000| Untracked 
| 426|0x000000009aa00000, 0x000000009aa00000, 0x000000009ab00000|  0%| F|  |TAMS 0x000000009aa00000, 0x000000009aa00000| Untracked 
| 427|0x000000009ab00000, 0x000000009ab00000, 0x000000009ac00000|  0%| F|  |TAMS 0x000000009ab00000, 0x000000009ab00000| Untracked 
| 428|0x000000009ac00000, 0x000000009ac00000, 0x000000009ad00000|  0%| F|  |TAMS 0x000000009ac00000, 0x000000009ac00000| Untracked 
| 429|0x000000009ad00000, 0x000000009ad00000, 0x000000009ae00000|  0%| F|  |TAMS 0x000000009ad00000, 0x000000009ad00000| Untracked 
| 430|0x000000009ae00000, 0x000000009ae00000, 0x000000009af00000|  0%| F|  |TAMS 0x000000009ae00000, 0x000000009ae00000| Untracked 
| 431|0x000000009af00000, 0x000000009af00000, 0x000000009b000000|  0%| F|  |TAMS 0x000000009af00000, 0x000000009af00000| Untracked 
| 432|0x000000009b000000, 0x000000009b000000, 0x000000009b100000|  0%| F|  |TAMS 0x000000009b000000, 0x000000009b000000| Untracked 
| 433|0x000000009b100000, 0x000000009b100000, 0x000000009b200000|  0%| F|  |TAMS 0x000000009b100000, 0x000000009b100000| Untracked 
| 434|0x000000009b200000, 0x000000009b200000, 0x000000009b300000|  0%| F|  |TAMS 0x000000009b200000, 0x000000009b200000| Untracked 
| 435|0x000000009b300000, 0x000000009b300000, 0x000000009b400000|  0%| F|  |TAMS 0x000000009b300000, 0x000000009b300000| Untracked 
| 436|0x000000009b400000, 0x000000009b400000, 0x000000009b500000|  0%| F|  |TAMS 0x000000009b400000, 0x000000009b400000| Untracked 
| 437|0x000000009b500000, 0x000000009b500000, 0x000000009b600000|  0%| F|  |TAMS 0x000000009b500000, 0x000000009b500000| Untracked 
| 438|0x000000009b600000, 0x000000009b600000, 0x000000009b700000|  0%| F|  |TAMS 0x000000009b600000, 0x000000009b600000| Untracked 
| 439|0x000000009b700000, 0x000000009b700000, 0x000000009b800000|  0%| F|  |TAMS 0x000000009b700000, 0x000000009b700000| Untracked 
| 440|0x000000009b800000, 0x000000009b800000, 0x000000009b900000|  0%| F|  |TAMS 0x000000009b800000, 0x000000009b800000| Untracked 
| 441|0x000000009b900000, 0x000000009b900000, 0x000000009ba00000|  0%| F|  |TAMS 0x000000009b900000, 0x000000009b900000| Untracked 
| 442|0x000000009ba00000, 0x000000009ba00000, 0x000000009bb00000|  0%| F|  |TAMS 0x000000009ba00000, 0x000000009ba00000| Untracked 
| 443|0x000000009bb00000, 0x000000009bb00000, 0x000000009bc00000|  0%| F|  |TAMS 0x000000009bb00000, 0x000000009bb00000| Untracked 
| 444|0x000000009bc00000, 0x000000009bc00000, 0x000000009bd00000|  0%| F|  |TAMS 0x000000009bc00000, 0x000000009bc00000| Untracked 
| 445|0x000000009bd00000, 0x000000009bd00000, 0x000000009be00000|  0%| F|  |TAMS 0x000000009bd00000, 0x000000009bd00000| Untracked 
| 446|0x000000009be00000, 0x000000009be00000, 0x000000009bf00000|  0%| F|  |TAMS 0x000000009be00000, 0x000000009be00000| Untracked 
| 447|0x000000009bf00000, 0x000000009bf00000, 0x000000009c000000|  0%| F|  |TAMS 0x000000009bf00000, 0x000000009bf00000| Untracked 
| 448|0x000000009c000000, 0x000000009c000000, 0x000000009c100000|  0%| F|  |TAMS 0x000000009c000000, 0x000000009c000000| Untracked 
| 449|0x000000009c100000, 0x000000009c100000, 0x000000009c200000|  0%| F|  |TAMS 0x000000009c100000, 0x000000009c100000| Untracked 
| 450|0x000000009c200000, 0x000000009c200000, 0x000000009c300000|  0%| F|  |TAMS 0x000000009c200000, 0x000000009c200000| Untracked 
| 451|0x000000009c300000, 0x000000009c300000, 0x000000009c400000|  0%| F|  |TAMS 0x000000009c300000, 0x000000009c300000| Untracked 
| 452|0x000000009c400000, 0x000000009c400000, 0x000000009c500000|  0%| F|  |TAMS 0x000000009c400000, 0x000000009c400000| Untracked 
| 453|0x000000009c500000, 0x000000009c500000, 0x000000009c600000|  0%| F|  |TAMS 0x000000009c500000, 0x000000009c500000| Untracked 
| 454|0x000000009c600000, 0x000000009c600000, 0x000000009c700000|  0%| F|  |TAMS 0x000000009c600000, 0x000000009c600000| Untracked 
| 455|0x000000009c700000, 0x000000009c700000, 0x000000009c800000|  0%| F|  |TAMS 0x000000009c700000, 0x000000009c700000| Untracked 
| 456|0x000000009c800000, 0x000000009c800000, 0x000000009c900000|  0%| F|  |TAMS 0x000000009c800000, 0x000000009c800000| Untracked 
| 457|0x000000009c900000, 0x000000009c900000, 0x000000009ca00000|  0%| F|  |TAMS 0x000000009c900000, 0x000000009c900000| Untracked 
| 458|0x000000009ca00000, 0x000000009ca00000, 0x000000009cb00000|  0%| F|  |TAMS 0x000000009ca00000, 0x000000009ca00000| Untracked 
| 459|0x000000009cb00000, 0x000000009cb00000, 0x000000009cc00000|  0%| F|  |TAMS 0x000000009cb00000, 0x000000009cb00000| Untracked 
| 460|0x000000009cc00000, 0x000000009cc00000, 0x000000009cd00000|  0%| F|  |TAMS 0x000000009cc00000, 0x000000009cc00000| Untracked 
| 461|0x000000009cd00000, 0x000000009cd00000, 0x000000009ce00000|  0%| F|  |TAMS 0x000000009cd00000, 0x000000009cd00000| Untracked 
| 462|0x000000009ce00000, 0x000000009ce00000, 0x000000009cf00000|  0%| F|  |TAMS 0x000000009ce00000, 0x000000009ce00000| Untracked 
| 463|0x000000009cf00000, 0x000000009cf00000, 0x000000009d000000|  0%| F|  |TAMS 0x000000009cf00000, 0x000000009cf00000| Untracked 
| 464|0x000000009d000000, 0x000000009d000000, 0x000000009d100000|  0%| F|  |TAMS 0x000000009d000000, 0x000000009d000000| Untracked 
| 465|0x000000009d100000, 0x000000009d100000, 0x000000009d200000|  0%| F|  |TAMS 0x000000009d100000, 0x000000009d100000| Untracked 
| 466|0x000000009d200000, 0x000000009d200000, 0x000000009d300000|  0%| F|  |TAMS 0x000000009d200000, 0x000000009d200000| Untracked 
| 467|0x000000009d300000, 0x000000009d300000, 0x000000009d400000|  0%| F|  |TAMS 0x000000009d300000, 0x000000009d300000| Untracked 
| 468|0x000000009d400000, 0x000000009d400000, 0x000000009d500000|  0%| F|  |TAMS 0x000000009d400000, 0x000000009d400000| Untracked 
| 469|0x000000009d500000, 0x000000009d500000, 0x000000009d600000|  0%| F|  |TAMS 0x000000009d500000, 0x000000009d500000| Untracked 
| 470|0x000000009d600000, 0x000000009d600000, 0x000000009d700000|  0%| F|  |TAMS 0x000000009d600000, 0x000000009d600000| Untracked 
| 471|0x000000009d700000, 0x000000009d700000, 0x000000009d800000|  0%| F|  |TAMS 0x000000009d700000, 0x000000009d700000| Untracked 
| 472|0x000000009d800000, 0x000000009d800000, 0x000000009d900000|  0%| F|  |TAMS 0x000000009d800000, 0x000000009d800000| Untracked 
| 473|0x000000009d900000, 0x000000009d900000, 0x000000009da00000|  0%| F|  |TAMS 0x000000009d900000, 0x000000009d900000| Untracked 
| 474|0x000000009da00000, 0x000000009da00000, 0x000000009db00000|  0%| F|  |TAMS 0x000000009da00000, 0x000000009da00000| Untracked 
| 475|0x000000009db00000, 0x000000009db00000, 0x000000009dc00000|  0%| F|  |TAMS 0x000000009db00000, 0x000000009db00000| Untracked 
| 476|0x000000009dc00000, 0x000000009dc00000, 0x000000009dd00000|  0%| F|  |TAMS 0x000000009dc00000, 0x000000009dc00000| Untracked 
| 477|0x000000009dd00000, 0x000000009dd00000, 0x000000009de00000|  0%| F|  |TAMS 0x000000009dd00000, 0x000000009dd00000| Untracked 
| 478|0x000000009de00000, 0x000000009de00000, 0x000000009df00000|  0%| F|  |TAMS 0x000000009de00000, 0x000000009de00000| Untracked 
| 479|0x000000009df00000, 0x000000009df00000, 0x000000009e000000|  0%| F|  |TAMS 0x000000009df00000, 0x000000009df00000| Untracked 
| 480|0x000000009e000000, 0x000000009e000000, 0x000000009e100000|  0%| F|  |TAMS 0x000000009e000000, 0x000000009e000000| Untracked 
| 481|0x000000009e100000, 0x000000009e100000, 0x000000009e200000|  0%| F|  |TAMS 0x000000009e100000, 0x000000009e100000| Untracked 
| 482|0x000000009e200000, 0x000000009e200000, 0x000000009e300000|  0%| F|  |TAMS 0x000000009e200000, 0x000000009e200000| Untracked 
| 483|0x000000009e300000, 0x000000009e300000, 0x000000009e400000|  0%| F|  |TAMS 0x000000009e300000, 0x000000009e300000| Untracked 
| 484|0x000000009e400000, 0x000000009e400000, 0x000000009e500000|  0%| F|  |TAMS 0x000000009e400000, 0x000000009e400000| Untracked 
| 485|0x000000009e500000, 0x000000009e500000, 0x000000009e600000|  0%| F|  |TAMS 0x000000009e500000, 0x000000009e500000| Untracked 
| 486|0x000000009e600000, 0x000000009e600000, 0x000000009e700000|  0%| F|  |TAMS 0x000000009e600000, 0x000000009e600000| Untracked 
| 487|0x000000009e700000, 0x000000009e700000, 0x000000009e800000|  0%| F|  |TAMS 0x000000009e700000, 0x000000009e700000| Untracked 
| 488|0x000000009e800000, 0x000000009e800000, 0x000000009e900000|  0%| F|  |TAMS 0x000000009e800000, 0x000000009e800000| Untracked 
| 489|0x000000009e900000, 0x000000009e900000, 0x000000009ea00000|  0%| F|  |TAMS 0x000000009e900000, 0x000000009e900000| Untracked 
| 490|0x000000009ea00000, 0x000000009ea00000, 0x000000009eb00000|  0%| F|  |TAMS 0x000000009ea00000, 0x000000009ea00000| Untracked 
| 491|0x000000009eb00000, 0x000000009eb00000, 0x000000009ec00000|  0%| F|  |TAMS 0x000000009eb00000, 0x000000009eb00000| Untracked 
| 492|0x000000009ec00000, 0x000000009ec00000, 0x000000009ed00000|  0%| F|  |TAMS 0x000000009ec00000, 0x000000009ec00000| Untracked 
| 493|0x000000009ed00000, 0x000000009ed00000, 0x000000009ee00000|  0%| F|  |TAMS 0x000000009ed00000, 0x000000009ed00000| Untracked 
| 494|0x000000009ee00000, 0x000000009ee00000, 0x000000009ef00000|  0%| F|  |TAMS 0x000000009ee00000, 0x000000009ee00000| Untracked 
| 495|0x000000009ef00000, 0x000000009ef00000, 0x000000009f000000|  0%| F|  |TAMS 0x000000009ef00000, 0x000000009ef00000| Untracked 
| 496|0x000000009f000000, 0x000000009f000000, 0x000000009f100000|  0%| F|  |TAMS 0x000000009f000000, 0x000000009f000000| Untracked 
| 497|0x000000009f100000, 0x000000009f100000, 0x000000009f200000|  0%| F|  |TAMS 0x000000009f100000, 0x000000009f100000| Untracked 
| 498|0x000000009f200000, 0x000000009f200000, 0x000000009f300000|  0%| F|  |TAMS 0x000000009f200000, 0x000000009f200000| Untracked 
| 499|0x000000009f300000, 0x000000009f300000, 0x000000009f400000|  0%| F|  |TAMS 0x000000009f300000, 0x000000009f300000| Untracked 
| 500|0x000000009f400000, 0x000000009f400000, 0x000000009f500000|  0%| F|  |TAMS 0x000000009f400000, 0x000000009f400000| Untracked 
| 501|0x000000009f500000, 0x000000009f500000, 0x000000009f600000|  0%| F|  |TAMS 0x000000009f500000, 0x000000009f500000| Untracked 
| 502|0x000000009f600000, 0x000000009f600000, 0x000000009f700000|  0%| F|  |TAMS 0x000000009f600000, 0x000000009f600000| Untracked 
| 503|0x000000009f700000, 0x000000009f700000, 0x000000009f800000|  0%| F|  |TAMS 0x000000009f700000, 0x000000009f700000| Untracked 
| 504|0x000000009f800000, 0x000000009f800000, 0x000000009f900000|  0%| F|  |TAMS 0x000000009f800000, 0x000000009f800000| Untracked 
| 505|0x000000009f900000, 0x000000009f900000, 0x000000009fa00000|  0%| F|  |TAMS 0x000000009f900000, 0x000000009f900000| Untracked 
| 506|0x000000009fa00000, 0x000000009fa00000, 0x000000009fb00000|  0%| F|  |TAMS 0x000000009fa00000, 0x000000009fa00000| Untracked 
| 507|0x000000009fb00000, 0x000000009fb00000, 0x000000009fc00000|  0%| F|  |TAMS 0x000000009fb00000, 0x000000009fb00000| Untracked 
| 508|0x000000009fc00000, 0x000000009fc00000, 0x000000009fd00000|  0%| F|  |TAMS 0x000000009fc00000, 0x000000009fc00000| Untracked 
| 509|0x000000009fd00000, 0x000000009fd00000, 0x000000009fe00000|  0%| F|  |TAMS 0x000000009fd00000, 0x000000009fd00000| Untracked 
| 510|0x000000009fe00000, 0x000000009fe00000, 0x000000009ff00000|  0%| F|  |TAMS 0x000000009fe00000, 0x000000009fe00000| Untracked 
| 511|0x000000009ff00000, 0x000000009ff00000, 0x00000000a0000000|  0%| F|  |TAMS 0x000000009ff00000, 0x000000009ff00000| Untracked 
| 512|0x00000000a0000000, 0x00000000a0000000, 0x00000000a0100000|  0%| F|  |TAMS 0x00000000a0000000, 0x00000000a0000000| Untracked 
| 513|0x00000000a0100000, 0x00000000a0100000, 0x00000000a0200000|  0%| F|  |TAMS 0x00000000a0100000, 0x00000000a0100000| Untracked 
| 514|0x00000000a0200000, 0x00000000a0200000, 0x00000000a0300000|  0%| F|  |TAMS 0x00000000a0200000, 0x00000000a0200000| Untracked 
| 515|0x00000000a0300000, 0x00000000a0300000, 0x00000000a0400000|  0%| F|  |TAMS 0x00000000a0300000, 0x00000000a0300000| Untracked 
| 516|0x00000000a0400000, 0x00000000a0400000, 0x00000000a0500000|  0%| F|  |TAMS 0x00000000a0400000, 0x00000000a0400000| Untracked 
| 517|0x00000000a0500000, 0x00000000a0500000, 0x00000000a0600000|  0%| F|  |TAMS 0x00000000a0500000, 0x00000000a0500000| Untracked 
| 518|0x00000000a0600000, 0x00000000a0600000, 0x00000000a0700000|  0%| F|  |TAMS 0x00000000a0600000, 0x00000000a0600000| Untracked 
| 519|0x00000000a0700000, 0x00000000a0700000, 0x00000000a0800000|  0%| F|  |TAMS 0x00000000a0700000, 0x00000000a0700000| Untracked 
| 520|0x00000000a0800000, 0x00000000a0800000, 0x00000000a0900000|  0%| F|  |TAMS 0x00000000a0800000, 0x00000000a0800000| Untracked 
| 521|0x00000000a0900000, 0x00000000a0900000, 0x00000000a0a00000|  0%| F|  |TAMS 0x00000000a0900000, 0x00000000a0900000| Untracked 
| 522|0x00000000a0a00000, 0x00000000a0a00000, 0x00000000a0b00000|  0%| F|  |TAMS 0x00000000a0a00000, 0x00000000a0a00000| Untracked 
| 523|0x00000000a0b00000, 0x00000000a0b00000, 0x00000000a0c00000|  0%| F|  |TAMS 0x00000000a0b00000, 0x00000000a0b00000| Untracked 
| 524|0x00000000a0c00000, 0x00000000a0c00000, 0x00000000a0d00000|  0%| F|  |TAMS 0x00000000a0c00000, 0x00000000a0c00000| Untracked 
| 525|0x00000000a0d00000, 0x00000000a0d00000, 0x00000000a0e00000|  0%| F|  |TAMS 0x00000000a0d00000, 0x00000000a0d00000| Untracked 
| 526|0x00000000a0e00000, 0x00000000a0e00000, 0x00000000a0f00000|  0%| F|  |TAMS 0x00000000a0e00000, 0x00000000a0e00000| Untracked 
| 527|0x00000000a0f00000, 0x00000000a0f00000, 0x00000000a1000000|  0%| F|  |TAMS 0x00000000a0f00000, 0x00000000a0f00000| Untracked 
| 528|0x00000000a1000000, 0x00000000a1000000, 0x00000000a1100000|  0%| F|  |TAMS 0x00000000a1000000, 0x00000000a1000000| Untracked 
| 529|0x00000000a1100000, 0x00000000a1100000, 0x00000000a1200000|  0%| F|  |TAMS 0x00000000a1100000, 0x00000000a1100000| Untracked 
| 530|0x00000000a1200000, 0x00000000a1200000, 0x00000000a1300000|  0%| F|  |TAMS 0x00000000a1200000, 0x00000000a1200000| Untracked 
| 531|0x00000000a1300000, 0x00000000a1300000, 0x00000000a1400000|  0%| F|  |TAMS 0x00000000a1300000, 0x00000000a1300000| Untracked 
| 532|0x00000000a1400000, 0x00000000a1400000, 0x00000000a1500000|  0%| F|  |TAMS 0x00000000a1400000, 0x00000000a1400000| Untracked 
| 533|0x00000000a1500000, 0x00000000a1500000, 0x00000000a1600000|  0%| F|  |TAMS 0x00000000a1500000, 0x00000000a1500000| Untracked 
| 534|0x00000000a1600000, 0x00000000a1600000, 0x00000000a1700000|  0%| F|  |TAMS 0x00000000a1600000, 0x00000000a1600000| Untracked 
| 535|0x00000000a1700000, 0x00000000a1700000, 0x00000000a1800000|  0%| F|  |TAMS 0x00000000a1700000, 0x00000000a1700000| Untracked 
| 536|0x00000000a1800000, 0x00000000a1800000, 0x00000000a1900000|  0%| F|  |TAMS 0x00000000a1800000, 0x00000000a1800000| Untracked 
| 537|0x00000000a1900000, 0x00000000a1900000, 0x00000000a1a00000|  0%| F|  |TAMS 0x00000000a1900000, 0x00000000a1900000| Untracked 
| 538|0x00000000a1a00000, 0x00000000a1a00000, 0x00000000a1b00000|  0%| F|  |TAMS 0x00000000a1a00000, 0x00000000a1a00000| Untracked 
| 539|0x00000000a1b00000, 0x00000000a1b00000, 0x00000000a1c00000|  0%| F|  |TAMS 0x00000000a1b00000, 0x00000000a1b00000| Untracked 
| 540|0x00000000a1c00000, 0x00000000a1c00000, 0x00000000a1d00000|  0%| F|  |TAMS 0x00000000a1c00000, 0x00000000a1c00000| Untracked 
| 541|0x00000000a1d00000, 0x00000000a1d00000, 0x00000000a1e00000|  0%| F|  |TAMS 0x00000000a1d00000, 0x00000000a1d00000| Untracked 
| 542|0x00000000a1e00000, 0x00000000a1e00000, 0x00000000a1f00000|  0%| F|  |TAMS 0x00000000a1e00000, 0x00000000a1e00000| Untracked 
| 543|0x00000000a1f00000, 0x00000000a1f00000, 0x00000000a2000000|  0%| F|  |TAMS 0x00000000a1f00000, 0x00000000a1f00000| Untracked 
| 544|0x00000000a2000000, 0x00000000a2000000, 0x00000000a2100000|  0%| F|  |TAMS 0x00000000a2000000, 0x00000000a2000000| Untracked 
| 545|0x00000000a2100000, 0x00000000a2100000, 0x00000000a2200000|  0%| F|  |TAMS 0x00000000a2100000, 0x00000000a2100000| Untracked 
| 546|0x00000000a2200000, 0x00000000a2200000, 0x00000000a2300000|  0%| F|  |TAMS 0x00000000a2200000, 0x00000000a2200000| Untracked 
| 547|0x00000000a2300000, 0x00000000a2300000, 0x00000000a2400000|  0%| F|  |TAMS 0x00000000a2300000, 0x00000000a2300000| Untracked 
| 548|0x00000000a2400000, 0x00000000a2400000, 0x00000000a2500000|  0%| F|  |TAMS 0x00000000a2400000, 0x00000000a2400000| Untracked 
| 549|0x00000000a2500000, 0x00000000a2500000, 0x00000000a2600000|  0%| F|  |TAMS 0x00000000a2500000, 0x00000000a2500000| Untracked 
| 550|0x00000000a2600000, 0x00000000a2600000, 0x00000000a2700000|  0%| F|  |TAMS 0x00000000a2600000, 0x00000000a2600000| Untracked 
| 551|0x00000000a2700000, 0x00000000a2700000, 0x00000000a2800000|  0%| F|  |TAMS 0x00000000a2700000, 0x00000000a2700000| Untracked 
| 552|0x00000000a2800000, 0x00000000a2800000, 0x00000000a2900000|  0%| F|  |TAMS 0x00000000a2800000, 0x00000000a2800000| Untracked 
| 553|0x00000000a2900000, 0x00000000a2900000, 0x00000000a2a00000|  0%| F|  |TAMS 0x00000000a2900000, 0x00000000a2900000| Untracked 
| 554|0x00000000a2a00000, 0x00000000a2a00000, 0x00000000a2b00000|  0%| F|  |TAMS 0x00000000a2a00000, 0x00000000a2a00000| Untracked 
| 555|0x00000000a2b00000, 0x00000000a2b00000, 0x00000000a2c00000|  0%| F|  |TAMS 0x00000000a2b00000, 0x00000000a2b00000| Untracked 
| 556|0x00000000a2c00000, 0x00000000a2c00000, 0x00000000a2d00000|  0%| F|  |TAMS 0x00000000a2c00000, 0x00000000a2c00000| Untracked 
| 557|0x00000000a2d00000, 0x00000000a2d00000, 0x00000000a2e00000|  0%| F|  |TAMS 0x00000000a2d00000, 0x00000000a2d00000| Untracked 
| 558|0x00000000a2e00000, 0x00000000a2e00000, 0x00000000a2f00000|  0%| F|  |TAMS 0x00000000a2e00000, 0x00000000a2e00000| Untracked 
| 559|0x00000000a2f00000, 0x00000000a2f00000, 0x00000000a3000000|  0%| F|  |TAMS 0x00000000a2f00000, 0x00000000a2f00000| Untracked 
| 560|0x00000000a3000000, 0x00000000a3000000, 0x00000000a3100000|  0%| F|  |TAMS 0x00000000a3000000, 0x00000000a3000000| Untracked 
| 561|0x00000000a3100000, 0x00000000a3100000, 0x00000000a3200000|  0%| F|  |TAMS 0x00000000a3100000, 0x00000000a3100000| Untracked 
| 562|0x00000000a3200000, 0x00000000a3200000, 0x00000000a3300000|  0%| F|  |TAMS 0x00000000a3200000, 0x00000000a3200000| Untracked 
| 563|0x00000000a3300000, 0x00000000a3300000, 0x00000000a3400000|  0%| F|  |TAMS 0x00000000a3300000, 0x00000000a3300000| Untracked 
| 564|0x00000000a3400000, 0x00000000a3400000, 0x00000000a3500000|  0%| F|  |TAMS 0x00000000a3400000, 0x00000000a3400000| Untracked 
| 565|0x00000000a3500000, 0x00000000a3500000, 0x00000000a3600000|  0%| F|  |TAMS 0x00000000a3500000, 0x00000000a3500000| Untracked 
| 566|0x00000000a3600000, 0x00000000a3600000, 0x00000000a3700000|  0%| F|  |TAMS 0x00000000a3600000, 0x00000000a3600000| Untracked 
| 567|0x00000000a3700000, 0x00000000a3700000, 0x00000000a3800000|  0%| F|  |TAMS 0x00000000a3700000, 0x00000000a3700000| Untracked 
| 568|0x00000000a3800000, 0x00000000a3800000, 0x00000000a3900000|  0%| F|  |TAMS 0x00000000a3800000, 0x00000000a3800000| Untracked 
| 569|0x00000000a3900000, 0x00000000a3900000, 0x00000000a3a00000|  0%| F|  |TAMS 0x00000000a3900000, 0x00000000a3900000| Untracked 
| 570|0x00000000a3a00000, 0x00000000a3a00000, 0x00000000a3b00000|  0%| F|  |TAMS 0x00000000a3a00000, 0x00000000a3a00000| Untracked 
| 571|0x00000000a3b00000, 0x00000000a3b00000, 0x00000000a3c00000|  0%| F|  |TAMS 0x00000000a3b00000, 0x00000000a3b00000| Untracked 
| 572|0x00000000a3c00000, 0x00000000a3c00000, 0x00000000a3d00000|  0%| F|  |TAMS 0x00000000a3c00000, 0x00000000a3c00000| Untracked 
| 573|0x00000000a3d00000, 0x00000000a3d00000, 0x00000000a3e00000|  0%| F|  |TAMS 0x00000000a3d00000, 0x00000000a3d00000| Untracked 
| 574|0x00000000a3e00000, 0x00000000a3e00000, 0x00000000a3f00000|  0%| F|  |TAMS 0x00000000a3e00000, 0x00000000a3e00000| Untracked 
| 575|0x00000000a3f00000, 0x00000000a3f00000, 0x00000000a4000000|  0%| F|  |TAMS 0x00000000a3f00000, 0x00000000a3f00000| Untracked 
| 576|0x00000000a4000000, 0x00000000a4000000, 0x00000000a4100000|  0%| F|  |TAMS 0x00000000a4000000, 0x00000000a4000000| Untracked 
| 577|0x00000000a4100000, 0x00000000a4100000, 0x00000000a4200000|  0%| F|  |TAMS 0x00000000a4100000, 0x00000000a4100000| Untracked 
| 578|0x00000000a4200000, 0x00000000a4200000, 0x00000000a4300000|  0%| F|  |TAMS 0x00000000a4200000, 0x00000000a4200000| Untracked 
| 579|0x00000000a4300000, 0x00000000a4300000, 0x00000000a4400000|  0%| F|  |TAMS 0x00000000a4300000, 0x00000000a4300000| Untracked 
| 580|0x00000000a4400000, 0x00000000a4400000, 0x00000000a4500000|  0%| F|  |TAMS 0x00000000a4400000, 0x00000000a4400000| Untracked 
| 581|0x00000000a4500000, 0x00000000a4500000, 0x00000000a4600000|  0%| F|  |TAMS 0x00000000a4500000, 0x00000000a4500000| Untracked 
| 582|0x00000000a4600000, 0x00000000a4600000, 0x00000000a4700000|  0%| F|  |TAMS 0x00000000a4600000, 0x00000000a4600000| Untracked 
| 583|0x00000000a4700000, 0x00000000a4700000, 0x00000000a4800000|  0%| F|  |TAMS 0x00000000a4700000, 0x00000000a4700000| Untracked 
| 584|0x00000000a4800000, 0x00000000a4800000, 0x00000000a4900000|  0%| F|  |TAMS 0x00000000a4800000, 0x00000000a4800000| Untracked 
| 585|0x00000000a4900000, 0x00000000a4900000, 0x00000000a4a00000|  0%| F|  |TAMS 0x00000000a4900000, 0x00000000a4900000| Untracked 
| 586|0x00000000a4a00000, 0x00000000a4a00000, 0x00000000a4b00000|  0%| F|  |TAMS 0x00000000a4a00000, 0x00000000a4a00000| Untracked 
| 587|0x00000000a4b00000, 0x00000000a4b00000, 0x00000000a4c00000|  0%| F|  |TAMS 0x00000000a4b00000, 0x00000000a4b00000| Untracked 
| 588|0x00000000a4c00000, 0x00000000a4c00000, 0x00000000a4d00000|  0%| F|  |TAMS 0x00000000a4c00000, 0x00000000a4c00000| Untracked 
| 589|0x00000000a4d00000, 0x00000000a4d00000, 0x00000000a4e00000|  0%| F|  |TAMS 0x00000000a4d00000, 0x00000000a4d00000| Untracked 
| 590|0x00000000a4e00000, 0x00000000a4e00000, 0x00000000a4f00000|  0%| F|  |TAMS 0x00000000a4e00000, 0x00000000a4e00000| Untracked 
| 591|0x00000000a4f00000, 0x00000000a4fcd280, 0x00000000a5000000| 80%| E|  |TAMS 0x00000000a4f00000, 0x00000000a4f00000| Complete 
| 592|0x00000000a5000000, 0x00000000a5100000, 0x00000000a5100000|100%| E|CS|TAMS 0x00000000a5000000, 0x00000000a5000000| Complete 
| 593|0x00000000a5100000, 0x00000000a5200000, 0x00000000a5200000|100%| E|CS|TAMS 0x00000000a5100000, 0x00000000a5100000| Complete 
| 594|0x00000000a5200000, 0x00000000a5300000, 0x00000000a5300000|100%| E|CS|TAMS 0x00000000a5200000, 0x00000000a5200000| Complete 
| 595|0x00000000a5300000, 0x00000000a5400000, 0x00000000a5400000|100%| E|CS|TAMS 0x00000000a5300000, 0x00000000a5300000| Complete 
| 596|0x00000000a5400000, 0x00000000a5500000, 0x00000000a5500000|100%| E|CS|TAMS 0x00000000a5400000, 0x00000000a5400000| Complete 
| 597|0x00000000a5500000, 0x00000000a5600000, 0x00000000a5600000|100%| E|CS|TAMS 0x00000000a5500000, 0x00000000a5500000| Complete 
| 598|0x00000000a5600000, 0x00000000a5700000, 0x00000000a5700000|100%| E|CS|TAMS 0x00000000a5600000, 0x00000000a5600000| Complete 
| 599|0x00000000a5700000, 0x00000000a5800000, 0x00000000a5800000|100%| E|CS|TAMS 0x00000000a5700000, 0x00000000a5700000| Complete 
| 600|0x00000000a5800000, 0x00000000a5900000, 0x00000000a5900000|100%| E|CS|TAMS 0x00000000a5800000, 0x00000000a5800000| Complete 
| 601|0x00000000a5900000, 0x00000000a5a00000, 0x00000000a5a00000|100%| E|CS|TAMS 0x00000000a5900000, 0x00000000a5900000| Complete 
| 602|0x00000000a5a00000, 0x00000000a5b00000, 0x00000000a5b00000|100%| E|CS|TAMS 0x00000000a5a00000, 0x00000000a5a00000| Complete 
| 603|0x00000000a5b00000, 0x00000000a5c00000, 0x00000000a5c00000|100%| E|CS|TAMS 0x00000000a5b00000, 0x00000000a5b00000| Complete 
| 604|0x00000000a5c00000, 0x00000000a5d00000, 0x00000000a5d00000|100%| E|CS|TAMS 0x00000000a5c00000, 0x00000000a5c00000| Complete 
| 605|0x00000000a5d00000, 0x00000000a5e00000, 0x00000000a5e00000|100%| E|CS|TAMS 0x00000000a5d00000, 0x00000000a5d00000| Complete 
| 606|0x00000000a5e00000, 0x00000000a5f00000, 0x00000000a5f00000|100%| E|CS|TAMS 0x00000000a5e00000, 0x00000000a5e00000| Complete 
| 607|0x00000000a5f00000, 0x00000000a6000000, 0x00000000a6000000|100%| E|CS|TAMS 0x00000000a5f00000, 0x00000000a5f00000| Complete 
| 608|0x00000000a6000000, 0x00000000a6100000, 0x00000000a6100000|100%| E|CS|TAMS 0x00000000a6000000, 0x00000000a6000000| Complete 
| 609|0x00000000a6100000, 0x00000000a6200000, 0x00000000a6200000|100%| E|CS|TAMS 0x00000000a6100000, 0x00000000a6100000| Complete 
| 610|0x00000000a6200000, 0x00000000a6300000, 0x00000000a6300000|100%| E|CS|TAMS 0x00000000a6200000, 0x00000000a6200000| Complete 
| 611|0x00000000a6300000, 0x00000000a6400000, 0x00000000a6400000|100%| E|CS|TAMS 0x00000000a6300000, 0x00000000a6300000| Complete 
| 612|0x00000000a6400000, 0x00000000a6500000, 0x00000000a6500000|100%| E|CS|TAMS 0x00000000a6400000, 0x00000000a6400000| Complete 
| 613|0x00000000a6500000, 0x00000000a6600000, 0x00000000a6600000|100%| E|CS|TAMS 0x00000000a6500000, 0x00000000a6500000| Complete 
| 614|0x00000000a6600000, 0x00000000a6700000, 0x00000000a6700000|100%| E|CS|TAMS 0x00000000a6600000, 0x00000000a6600000| Complete 
| 615|0x00000000a6700000, 0x00000000a6800000, 0x00000000a6800000|100%| E|CS|TAMS 0x00000000a6700000, 0x00000000a6700000| Complete 
| 616|0x00000000a6800000, 0x00000000a6900000, 0x00000000a6900000|100%| E|CS|TAMS 0x00000000a6800000, 0x00000000a6800000| Complete 
| 617|0x00000000a6900000, 0x00000000a6a00000, 0x00000000a6a00000|100%| E|CS|TAMS 0x00000000a6900000, 0x00000000a6900000| Complete 
| 618|0x00000000a6a00000, 0x00000000a6b00000, 0x00000000a6b00000|100%| E|CS|TAMS 0x00000000a6a00000, 0x00000000a6a00000| Complete 
| 619|0x00000000a6b00000, 0x00000000a6c00000, 0x00000000a6c00000|100%| E|CS|TAMS 0x00000000a6b00000, 0x00000000a6b00000| Complete 
| 620|0x00000000a6c00000, 0x00000000a6d00000, 0x00000000a6d00000|100%| E|CS|TAMS 0x00000000a6c00000, 0x00000000a6c00000| Complete 
| 621|0x00000000a6d00000, 0x00000000a6e00000, 0x00000000a6e00000|100%| E|CS|TAMS 0x00000000a6d00000, 0x00000000a6d00000| Complete 
| 622|0x00000000a6e00000, 0x00000000a6f00000, 0x00000000a6f00000|100%| E|CS|TAMS 0x00000000a6e00000, 0x00000000a6e00000| Complete 
| 623|0x00000000a6f00000, 0x00000000a7000000, 0x00000000a7000000|100%| E|CS|TAMS 0x00000000a6f00000, 0x00000000a6f00000| Complete 
| 624|0x00000000a7000000, 0x00000000a7100000, 0x00000000a7100000|100%| E|CS|TAMS 0x00000000a7000000, 0x00000000a7000000| Complete 
| 625|0x00000000a7100000, 0x00000000a7200000, 0x00000000a7200000|100%| E|CS|TAMS 0x00000000a7100000, 0x00000000a7100000| Complete 
| 626|0x00000000a7200000, 0x00000000a7300000, 0x00000000a7300000|100%| E|CS|TAMS 0x00000000a7200000, 0x00000000a7200000| Complete 
| 627|0x00000000a7300000, 0x00000000a7400000, 0x00000000a7400000|100%| E|CS|TAMS 0x00000000a7300000, 0x00000000a7300000| Complete 

Card table byte_map: [0x0000021c24f50000,0x0000021c25350000] _byte_map_base: 0x0000021c24b50000

Marking Bits (Prev, Next): (CMBitMap*) 0x0000021c0b8873f0, (CMBitMap*) 0x0000021c0b8873b0
 Prev Bits: [0x0000021c27750000, 0x0000021c29750000)
 Next Bits: [0x0000021c25750000, 0x0000021c27750000)

Polling page: 0x0000021c0b8f0000

Metaspace:

Usage:
  Non-class:    173.74 MB used.
      Class:     25.16 MB used.
       Both:    198.90 MB used.

Virtual space:
  Non-class space:      176.00 MB reserved,     174.31 MB (>99%) committed,  22 nodes.
      Class space:        1.00 GB reserved,      25.75 MB (  3%) committed,  1 nodes.
             Both:        1.17 GB reserved,     200.06 MB ( 17%) committed. 

Chunk freelists:
   Non-Class:  784.00 KB
       Class:  2.14 MB
        Both:  2.91 MB

MaxMetaspaceSize: unlimited
CompressedClassSpaceSize: 1.00 GB
Initial GC threshold: 21.00 MB
Current GC threshold: 276.38 MB
CDS: on
MetaspaceReclaimPolicy: balanced
 - commit_granule_bytes: 65536.
 - commit_granule_words: 8192.
 - virtual_space_node_default_size: 1048576.
 - enlarge_chunks_in_place: 1.
 - new_chunks_are_fully_committed: 0.
 - uncommit_free_chunks: 1.
 - use_allocation_guard: 0.
 - handle_deallocations: 1.


Internal statistics:

num_allocs_failed_limit: 15.
num_arena_births: 1876.
num_arena_deaths: 0.
num_vsnodes_births: 23.
num_vsnodes_deaths: 0.
num_space_committed: 3196.
num_space_uncommitted: 0.
num_chunks_returned_to_freelist: 15.
num_chunks_taken_from_freelist: 9798.
num_chunk_merges: 15.
num_chunk_splits: 7034.
num_chunks_enlarged: 5258.
num_purges: 0.
num_inconsistent_stats: 0.

CodeHeap 'non-profiled nmethods': size=119168Kb used=23574Kb max_used=23574Kb free=95593Kb
 bounds [0x0000021c1c810000, 0x0000021c1df20000, 0x0000021c23c70000]
CodeHeap 'profiled nmethods': size=119104Kb used=59476Kb max_used=59554Kb free=59627Kb
 bounds [0x0000021c153c0000, 0x0000021c18e30000, 0x0000021c1c810000]
CodeHeap 'non-nmethods': size=7488Kb used=3745Kb max_used=3830Kb free=3742Kb
 bounds [0x0000021c14c70000, 0x0000021c15040000, 0x0000021c153c0000]
 total_blobs=28218 nmethods=27002 adapters=1122
 compilation: enabled
              stopped_count=0, restarted_count=0
 full_count=0

Compilation events (20 events):
Event: 196.454 Thread 0x0000021c3f630e90 nmethod 35199 0x0000021c1cbac690 code [0x0000021c1cbac820, 0x0000021c1cbac938]
Event: 196.455 Thread 0x0000021c3f630e90 34994       4       com.android.tools.r8.graph.s9::q0 (2 bytes)
Event: 196.456 Thread 0x0000021c2c7bb7c0 nmethod 35030 0x0000021c1dbdc610 code [0x0000021c1dbdca40, 0x0000021c1dbe38e8]
Event: 196.460 Thread 0x0000021c3f630e90 nmethod 34994 0x0000021c1cbac190 code [0x0000021c1cbac300, 0x0000021c1cbac378]
Event: 196.484 Thread 0x0000021c3f630e90 34958       4       com.android.tools.r8.graph.r9::a (30 bytes)
Event: 196.506 Thread 0x0000021c3f631dc0 35202       2       java.lang.invoke.MethodType::equals (56 bytes)
Event: 196.518 Thread 0x0000021c2f0f2220 nmethod 35186 0x0000021c1dbdbd90 code [0x0000021c1dbdbf20, 0x0000021c1dbdc438]
Event: 196.521 Thread 0x0000021c2c7bc170 35204 % !   3       com.android.tools.r8.graph.s9::G0 @ 325 (510 bytes)
Event: 196.522 Thread 0x0000021c3f631dc0 nmethod 35202 0x0000021c18dc5410 code [0x0000021c18dc55e0, 0x0000021c18dc59f8]
Event: 196.532 Thread 0x0000021c2f0f2220 35205 %     4       java.util.ArrayList::forEach @ 24 (74 bytes)
Event: 196.541 Thread 0x0000021c2c7bc170 nmethod 35204% 0x0000021c185f8510 code [0x0000021c185f88a0, 0x0000021c185fa6a8]
Event: 196.560 Thread 0x0000021c3f631dc0 35207       2       com.android.tools.r8.internal.eq1::c (73 bytes)
Event: 196.566 Thread 0x0000021c2c7bb7c0 35201 %     4       java.util.IdentityHashMap::resize @ 58 (153 bytes)
Event: 196.568 Thread 0x0000021c3f631dc0 nmethod 35207 0x0000021c18dc4b90 code [0x0000021c18dc4d60, 0x0000021c18dc5058]
Event: 196.584 Thread 0x0000021c2c7bc170 35208       2       com.android.tools.r8.internal.iu2::k (2 bytes)
Event: 196.588 Thread 0x0000021c2c7bc170 nmethod 35208 0x0000021c156d1990 code [0x0000021c156d1b20, 0x0000021c156d1c38]
Event: 196.591 Thread 0x0000021c2c7bc170 35210       2       com.android.tools.r8.internal.lc::<init> (11 bytes)
Event: 196.596 Thread 0x0000021c2c7bc170 nmethod 35210 0x0000021c18d98490 code [0x0000021c18d98620, 0x0000021c18d987d8]
Event: 196.606 Thread 0x0000021c2f0f2220 nmethod 35205% 0x0000021c1dbdb410 code [0x0000021c1dbdb5c0, 0x0000021c1dbdb998]
Event: 196.611 Thread 0x0000021c2f0f2220 34960       4       com.android.tools.r8.graph.x5::c (60 bytes)

GC Heap History (20 events):
Event: 188.822 GC heap before
{Heap before GC invocations=166 (full 0):
 garbage-first heap   total 495616K, used 443121K [0x0000000080000000, 0x0000000100000000)
  region size 1024K, 247 young (252928K), 4 survivors (4096K)
 Metaspace       used 188585K, committed 189696K, reserved 1220608K
  class space    used 23410K, committed 23936K, reserved 1048576K
}
Event: 188.837 GC heap after
{Heap after GC invocations=167 (full 0):
 garbage-first heap   total 495616K, used 197311K [0x0000000080000000, 0x0000000100000000)
  region size 1024K, 14 young (14336K), 14 survivors (14336K)
 Metaspace       used 188585K, committed 189696K, reserved 1220608K
  class space    used 23410K, committed 23936K, reserved 1048576K
}
Event: 191.252 GC heap before
{Heap before GC invocations=167 (full 0):
 garbage-first heap   total 495616K, used 425663K [0x0000000080000000, 0x0000000100000000)
  region size 1024K, 238 young (243712K), 14 survivors (14336K)
 Metaspace       used 191925K, committed 193024K, reserved 1220608K
  class space    used 23783K, committed 24320K, reserved 1048576K
}
Event: 191.267 GC heap after
{Heap after GC invocations=168 (full 0):
 garbage-first heap   total 495616K, used 198143K [0x0000000080000000, 0x0000000100000000)
  region size 1024K, 15 young (15360K), 15 survivors (15360K)
 Metaspace       used 191925K, committed 193024K, reserved 1220608K
  class space    used 23783K, committed 24320K, reserved 1048576K
}
Event: 191.938 GC heap before
{Heap before GC invocations=168 (full 0):
 garbage-first heap   total 495616K, used 424447K [0x0000000080000000, 0x0000000100000000)
  region size 1024K, 237 young (242688K), 15 survivors (15360K)
 Metaspace       used 191931K, committed 193024K, reserved 1220608K
  class space    used 23784K, committed 24320K, reserved 1048576K
}
Event: 191.955 GC heap after
{Heap after GC invocations=169 (full 0):
 garbage-first heap   total 495616K, used 198847K [0x0000000080000000, 0x0000000100000000)
  region size 1024K, 16 young (16384K), 16 survivors (16384K)
 Metaspace       used 191931K, committed 193024K, reserved 1220608K
  class space    used 23784K, committed 24320K, reserved 1048576K
}
Event: 193.076 GC heap before
{Heap before GC invocations=169 (full 0):
 garbage-first heap   total 495616K, used 426175K [0x0000000080000000, 0x0000000100000000)
  region size 1024K, 239 young (244736K), 16 survivors (16384K)
 Metaspace       used 192916K, committed 194048K, reserved 1220608K
  class space    used 23938K, committed 24448K, reserved 1048576K
}
Event: 193.094 GC heap after
{Heap after GC invocations=170 (full 0):
 garbage-first heap   total 495616K, used 214581K [0x0000000080000000, 0x0000000100000000)
  region size 1024K, 30 young (30720K), 30 survivors (30720K)
 Metaspace       used 192916K, committed 194048K, reserved 1220608K
  class space    used 23938K, committed 24448K, reserved 1048576K
}
Event: 194.285 GC heap before
{Heap before GC invocations=170 (full 0):
 garbage-first heap   total 495616K, used 413237K [0x0000000080000000, 0x0000000100000000)
  region size 1024K, 225 young (230400K), 30 survivors (30720K)
 Metaspace       used 198041K, committed 199232K, reserved 1228800K
  class space    used 24809K, committed 25408K, reserved 1048576K
}
Event: 194.314 GC heap after
{Heap after GC invocations=171 (full 0):
 garbage-first heap   total 495616K, used 249793K [0x0000000080000000, 0x0000000100000000)
  region size 1024K, 29 young (29696K), 29 survivors (29696K)
 Metaspace       used 198041K, committed 199232K, reserved 1228800K
  class space    used 24809K, committed 25408K, reserved 1048576K
}
Event: 194.961 GC heap before
{Heap before GC invocations=171 (full 0):
 garbage-first heap   total 495616K, used 399297K [0x0000000080000000, 0x0000000100000000)
  region size 1024K, 176 young (180224K), 29 survivors (29696K)
 Metaspace       used 199020K, committed 200256K, reserved 1228800K
  class space    used 24984K, committed 25600K, reserved 1048576K
}
Event: 194.994 GC heap after
{Heap after GC invocations=172 (full 0):
 garbage-first heap   total 495616K, used 279121K [0x0000000080000000, 0x0000000100000000)
  region size 1024K, 22 young (22528K), 22 survivors (22528K)
 Metaspace       used 199020K, committed 200256K, reserved 1228800K
  class space    used 24984K, committed 25600K, reserved 1048576K
}
Event: 195.409 GC heap before
{Heap before GC invocations=172 (full 0):
 garbage-first heap   total 495616K, used 398929K [0x0000000080000000, 0x0000000100000000)
  region size 1024K, 140 young (143360K), 22 survivors (22528K)
 Metaspace       used 200371K, committed 201600K, reserved 1228800K
  class space    used 25225K, committed 25856K, reserved 1048576K
}
Event: 195.441 GC heap after
{Heap after GC invocations=173 (full 0):
 garbage-first heap   total 495616K, used 303285K [0x0000000080000000, 0x0000000100000000)
  region size 1024K, 18 young (18432K), 18 survivors (18432K)
 Metaspace       used 200371K, committed 201600K, reserved 1228800K
  class space    used 25225K, committed 25856K, reserved 1048576K
}
Event: 195.961 GC heap before
{Heap before GC invocations=173 (full 0):
 garbage-first heap   total 495616K, used 401589K [0x0000000080000000, 0x0000000100000000)
  region size 1024K, 115 young (117760K), 18 survivors (18432K)
 Metaspace       used 202084K, committed 203328K, reserved 1228800K
  class space    used 25489K, committed 26112K, reserved 1048576K
}
Event: 195.995 GC heap after
{Heap after GC invocations=174 (full 0):
 garbage-first heap   total 495616K, used 325385K [0x0000000080000000, 0x0000000100000000)
  region size 1024K, 15 young (15360K), 15 survivors (15360K)
 Metaspace       used 202084K, committed 203328K, reserved 1228800K
  class space    used 25489K, committed 26112K, reserved 1048576K
}
Event: 196.222 GC heap before
{Heap before GC invocations=174 (full 0):
 garbage-first heap   total 495616K, used 405257K [0x0000000080000000, 0x0000000100000000)
  region size 1024K, 94 young (96256K), 15 survivors (15360K)
 Metaspace       used 202715K, committed 203968K, reserved 1228800K
  class space    used 25548K, committed 26176K, reserved 1048576K
}
Event: 196.250 GC heap after
{Heap after GC invocations=175 (full 0):
 garbage-first heap   total 495616K, used 344536K [0x0000000080000000, 0x0000000100000000)
  region size 1024K, 12 young (12288K), 12 survivors (12288K)
 Metaspace       used 202715K, committed 203968K, reserved 1228800K
  class space    used 25548K, committed 26176K, reserved 1048576K
}
Event: 196.461 GC heap before
{Heap before GC invocations=175 (full 0):
 garbage-first heap   total 495616K, used 411096K [0x0000000080000000, 0x0000000100000000)
  region size 1024K, 78 young (79872K), 12 survivors (12288K)
 Metaspace       used 203314K, committed 204480K, reserved 1228800K
  class space    used 25654K, committed 26240K, reserved 1048576K
}
Event: 196.484 GC heap after
{Heap after GC invocations=176 (full 0):
 garbage-first heap   total 643072K, used 361548K [0x0000000080000000, 0x0000000100000000)
  region size 1024K, 10 young (10240K), 10 survivors (10240K)
 Metaspace       used 203314K, committed 204480K, reserved 1228800K
  class space    used 25654K, committed 26240K, reserved 1048576K
}

Deoptimization events (20 events):
Event: 196.352 Thread 0x0000021c3afac920 DEOPT PACKING pc=0x0000021c1dd653e4 sp=0x0000004dbf7fae90
Event: 196.352 Thread 0x0000021c3afac920 DEOPT UNPACKING pc=0x0000021c14cc23a3 sp=0x0000004dbf7fae60 mode 2
Event: 196.352 Thread 0x0000021c34d6c400 DEOPT PACKING pc=0x0000021c1dd653e4 sp=0x0000004dbf2fb150
Event: 196.352 Thread 0x0000021c3a33b390 DEOPT PACKING pc=0x0000021c1dd653e4 sp=0x0000004dbfffb050
Event: 196.352 Thread 0x0000021c3a33a520 DEOPT PACKING pc=0x0000021c1dd653e4 sp=0x0000004dbfefa9e0
Event: 196.352 Thread 0x0000021c3a33b390 DEOPT UNPACKING pc=0x0000021c14cc23a3 sp=0x0000004dbfffb020 mode 2
Event: 196.352 Thread 0x0000021c34d6c400 DEOPT UNPACKING pc=0x0000021c14cc23a3 sp=0x0000004dbf2fb120 mode 2
Event: 196.352 Thread 0x0000021c3a33a520 DEOPT UNPACKING pc=0x0000021c14cc23a3 sp=0x0000004dbfefa9b0 mode 2
Event: 196.352 Thread 0x0000021c34d6abf0 DEOPT PACKING pc=0x0000021c1dd653e4 sp=0x0000004dbf3faf40
Event: 196.352 Thread 0x0000021c3afab110 DEOPT PACKING pc=0x0000021c1dd653e4 sp=0x0000004dbf9fb000
Event: 196.352 Thread 0x0000021c34d6abf0 DEOPT UNPACKING pc=0x0000021c14cc23a3 sp=0x0000004dbf3faf10 mode 2
Event: 196.352 Thread 0x0000021c3afab110 DEOPT UNPACKING pc=0x0000021c14cc23a3 sp=0x0000004dbf9fafd0 mode 2
Event: 196.484 Thread 0x0000021c3a338d10 Uncommon trap: trap_request=0xfffffff4 fr.pc=0x0000021c1c93b02c relative=0x000000000000036c
Event: 196.484 Thread 0x0000021c3a338840 Uncommon trap: trap_request=0xfffffff4 fr.pc=0x0000021c1c93b02c relative=0x000000000000036c
Event: 196.484 Thread 0x0000021c3a338d10 Uncommon trap: reason=null_check action=make_not_entrant pc=0x0000021c1c93b02c method=java.lang.invoke.MethodType.equals(Ljava/lang/Object;)Z @ 39 c2
Event: 196.484 Thread 0x0000021c3a338840 Uncommon trap: reason=null_check action=make_not_entrant pc=0x0000021c1c93b02c method=java.lang.invoke.MethodType.equals(Ljava/lang/Object;)Z @ 39 c2
Event: 196.489 Thread 0x0000021c3a338d10 DEOPT PACKING pc=0x0000021c1c93b02c sp=0x0000004dc00f98e0
Event: 196.489 Thread 0x0000021c3a338d10 DEOPT UNPACKING pc=0x0000021c14cc23a3 sp=0x0000004dc00f9898 mode 2
Event: 196.489 Thread 0x0000021c3a338840 DEOPT PACKING pc=0x0000021c1c93b02c sp=0x0000004dbfdf95e0
Event: 196.489 Thread 0x0000021c3a338840 DEOPT UNPACKING pc=0x0000021c14cc23a3 sp=0x0000004dbfdf9598 mode 2

Classes unloaded (14 events):
Event: 196.614 Thread 0x0000021c2c79c710 Unloading class 0x0000000802544400 'java/lang/invoke/LambdaForm$DMH+0x0000000802544400'
Event: 196.614 Thread 0x0000021c2c79c710 Unloading class 0x00000008024bf400 'java/lang/invoke/LambdaForm$DMH+0x00000008024bf400'
Event: 196.614 Thread 0x0000021c2c79c710 Unloading class 0x00000008024bf000 'java/lang/invoke/LambdaForm$DMH+0x00000008024bf000'
Event: 196.614 Thread 0x0000021c2c79c710 Unloading class 0x00000008024bec00 'java/lang/invoke/LambdaForm$DMH+0x00000008024bec00'
Event: 196.614 Thread 0x0000021c2c79c710 Unloading class 0x00000008024be800 'java/lang/invoke/LambdaForm$DMH+0x00000008024be800'
Event: 196.614 Thread 0x0000021c2c79c710 Unloading class 0x00000008024be400 'java/lang/invoke/LambdaForm$DMH+0x00000008024be400'
Event: 196.614 Thread 0x0000021c2c79c710 Unloading class 0x00000008024be000 'java/lang/invoke/LambdaForm$DMH+0x00000008024be000'
Event: 196.614 Thread 0x0000021c2c79c710 Unloading class 0x00000008024bdc00 'java/lang/invoke/LambdaForm$DMH+0x00000008024bdc00'
Event: 196.614 Thread 0x0000021c2c79c710 Unloading class 0x00000008024bd800 'java/lang/invoke/LambdaForm$DMH+0x00000008024bd800'
Event: 196.614 Thread 0x0000021c2c79c710 Unloading class 0x00000008024bd400 'java/lang/invoke/LambdaForm$DMH+0x00000008024bd400'
Event: 196.614 Thread 0x0000021c2c79c710 Unloading class 0x00000008024bcc00 'java/lang/invoke/LambdaForm$DMH+0x00000008024bcc00'
Event: 196.614 Thread 0x0000021c2c79c710 Unloading class 0x00000008024bd000 'java/lang/invoke/LambdaForm$DMH+0x00000008024bd000'
Event: 196.614 Thread 0x0000021c2c79c710 Unloading class 0x00000008024bc800 'java/lang/invoke/LambdaForm$DMH+0x00000008024bc800'
Event: 196.614 Thread 0x0000021c2c79c710 Unloading class 0x00000008024bc400 'java/lang/invoke/LambdaForm$DMH+0x00000008024bc400'

Classes redefined (0 events):
No events

Internal exceptions (20 events):
Event: 193.936 Thread 0x0000021c34d6c400 Exception <a 'java/lang/NoSuchMethodError'{0x0000000094adcd18}: 'void java.lang.invoke.DirectMethodHandle$Holder.invokeStatic(java.lang.Object, java.lang.Object, java.lang.Object, int, java.lang.Object, java.lang.Object, java.lang.Object, java.lang.Object)'> (0x0000000094adcd18) 
thrown [d:\a\1\s\lookaside\java-17-openjdk\src\hotspot\share\interpreter\linkResolver.cpp, line 766]
Event: 193.936 Thread 0x0000021c3afac920 Exception <a 'java/lang/NoSuchMethodError'{0x0000000094bcf840}: 'void java.lang.invoke.DirectMethodHandle$Holder.invokeStatic(java.lang.Object, java.lang.Object, java.lang.Object, int, java.lang.Object, java.lang.Object, java.lang.Object, java.lang.Object)'> (0x0000000094bcf840) 
thrown [d:\a\1\s\lookaside\java-17-openjdk\src\hotspot\share\interpreter\linkResolver.cpp, line 766]
Event: 193.936 Thread 0x0000021c3a33a520 Exception <a 'java/lang/NoSuchMethodError'{0x0000000094be93f8}: 'void java.lang.invoke.DirectMethodHandle$Holder.invokeStatic(java.lang.Object, java.lang.Object, java.lang.Object, int, java.lang.Object, java.lang.Object, java.lang.Object, java.lang.Object)'> (0x0000000094be93f8) 
thrown [d:\a\1\s\lookaside\java-17-openjdk\src\hotspot\share\interpreter\linkResolver.cpp, line 766]
Event: 193.937 Thread 0x0000021c34d6abf0 Exception <a 'java/lang/NoSuchMethodError'{0x0000000094a1bb28}: 'void java.lang.invoke.DirectMethodHandle$Holder.invokeStatic(java.lang.Object, java.lang.Object, java.lang.Object, int, java.lang.Object, java.lang.Object, java.lang.Object, java.lang.Object)'> (0x0000000094a1bb28) 
thrown [d:\a\1\s\lookaside\java-17-openjdk\src\hotspot\share\interpreter\linkResolver.cpp, line 766]
Event: 195.301 Thread 0x0000021c3afacdf0 Exception <a 'java/lang/IncompatibleClassChangeError'{0x000000009a546ee8}: Found class java.lang.Object, but interface was expected> (0x000000009a546ee8) 
thrown [d:\a\1\s\lookaside\java-17-openjdk\src\hotspot\share\interpreter\linkResolver.cpp, line 833]
Event: 195.301 Thread 0x0000021c3afabab0 Exception <a 'java/lang/IncompatibleClassChangeError'{0x0000000098c083f0}: Found class java.lang.Object, but interface was expected> (0x0000000098c083f0) 
thrown [d:\a\1\s\lookaside\java-17-openjdk\src\hotspot\share\interpreter\linkResolver.cpp, line 833]
Event: 195.302 Thread 0x0000021c34d6ba60 Exception <a 'java/lang/IncompatibleClassChangeError'{0x000000009a56fa48}: Found class java.lang.Object, but interface was expected> (0x000000009a56fa48) 
thrown [d:\a\1\s\lookaside\java-17-openjdk\src\hotspot\share\interpreter\linkResolver.cpp, line 833]
Event: 195.312 Thread 0x0000021c3a338840 Exception <a 'java/lang/NoSuchMethodError'{0x0000000098a75ba0}: 'void java.lang.invoke.DirectMethodHandle$Holder.invokeInterface(java.lang.Object, java.lang.Object, java.lang.Object, int)'> (0x0000000098a75ba0) 
thrown [d:\a\1\s\lookaside\java-17-openjdk\src\hotspot\share\interpreter\linkResolver.cpp, line 766]
Event: 195.321 Thread 0x0000021c3afabab0 Exception <a 'java/lang/NoSuchMethodError'{0x0000000098c0cc10}: 'void java.lang.invoke.DirectMethodHandle$Holder.invokeInterface(java.lang.Object, java.lang.Object, java.lang.Object, int)'> (0x0000000098c0cc10) 
thrown [d:\a\1\s\lookaside\java-17-openjdk\src\hotspot\share\interpreter\linkResolver.cpp, line 766]
Event: 195.396 Thread 0x0000021c38de8ae0 Implicit null exception at 0x0000021c1dd4f546 to 0x0000021c1dd55108
Event: 195.396 Thread 0x0000021c3a338d10 Implicit null exception at 0x0000021c1dd4f546 to 0x0000021c1dd55108
Event: 195.396 Thread 0x0000021c3afac920 Implicit null exception at 0x0000021c1dd4f546 to 0x0000021c1dd55108
Event: 195.396 Thread 0x0000021c3afac920 Implicit null exception at 0x0000021c1dbf5455 to 0x0000021c1dbf5770
Event: 195.396 Thread 0x0000021c38de8ae0 Implicit null exception at 0x0000021c1dbf5455 to 0x0000021c1dbf5770
Event: 195.396 Thread 0x0000021c38de8ae0 Implicit null exception at 0x0000021c1dbf5455 to 0x0000021c1dbf5770
Event: 195.396 Thread 0x0000021c3afac920 Implicit null exception at 0x0000021c1dbf5455 to 0x0000021c1dbf5770
Event: 195.397 Thread 0x0000021c3a338d10 Implicit null exception at 0x0000021c1dbf5455 to 0x0000021c1dbf5770
Event: 196.192 Thread 0x0000021c3a33b390 Implicit null exception at 0x0000021c1d724be1 to 0x0000021c1d724c68
Event: 196.484 Thread 0x0000021c3a338d10 Implicit null exception at 0x0000021c1c93ae01 to 0x0000021c1c93b01c
Event: 196.484 Thread 0x0000021c3a338840 Implicit null exception at 0x0000021c1c93ae01 to 0x0000021c1c93b01c

VM Operations (20 events):
Event: 195.392 Executing VM operation: HandshakeAllThreads done
Event: 195.408 Executing VM operation: G1CollectForAllocation
Event: 195.441 Executing VM operation: G1CollectForAllocation done
Event: 195.516 Executing VM operation: HandshakeAllThreads
Event: 195.519 Executing VM operation: HandshakeAllThreads done
Event: 195.580 Executing VM operation: HandshakeAllThreads
Event: 195.590 Executing VM operation: HandshakeAllThreads done
Event: 195.613 Executing VM operation: HandshakeAllThreads
Event: 195.614 Executing VM operation: HandshakeAllThreads done
Event: 195.664 Executing VM operation: HandshakeAllThreads
Event: 195.665 Executing VM operation: HandshakeAllThreads done
Event: 195.914 Executing VM operation: HandshakeAllThreads
Event: 195.917 Executing VM operation: HandshakeAllThreads done
Event: 195.959 Executing VM operation: G1CollectForAllocation
Event: 195.999 Executing VM operation: G1CollectForAllocation done
Event: 196.221 Executing VM operation: G1CollectForAllocation
Event: 196.250 Executing VM operation: G1CollectForAllocation done
Event: 196.458 Executing VM operation: G1CollectForAllocation
Event: 196.484 Executing VM operation: G1CollectForAllocation done
Event: 196.609 Executing VM operation: G1Concurrent

Events (20 events):
Event: 195.041 Thread 0x0000021c2c7bda80 flushing nmethod 0x0000021c18d9b490
Event: 195.041 Thread 0x0000021c2c7bda80 flushing nmethod 0x0000021c18d9d210
Event: 195.041 Thread 0x0000021c2c7bda80 flushing nmethod 0x0000021c18d9f490
Event: 195.041 Thread 0x0000021c2c7bda80 flushing nmethod 0x0000021c18d9f810
Event: 195.041 Thread 0x0000021c2c7bda80 flushing nmethod 0x0000021c18d9fc10
Event: 195.041 Thread 0x0000021c2c7bda80 flushing nmethod 0x0000021c18da0f10
Event: 195.041 Thread 0x0000021c2c7bda80 flushing nmethod 0x0000021c18da1f90
Event: 195.041 Thread 0x0000021c2c7bda80 flushing nmethod 0x0000021c18da3a10
Event: 195.041 Thread 0x0000021c2c7bda80 flushing nmethod 0x0000021c18da7610
Event: 195.041 Thread 0x0000021c2c7bda80 flushing nmethod 0x0000021c18daa890
Event: 195.041 Thread 0x0000021c2c7bda80 flushing nmethod 0x0000021c18dac090
Event: 195.041 Thread 0x0000021c2c7bda80 flushing nmethod 0x0000021c18db1c10
Event: 195.041 Thread 0x0000021c2c7bda80 flushing nmethod 0x0000021c18db1f90
Event: 195.041 Thread 0x0000021c2c7bda80 flushing nmethod 0x0000021c18db3190
Event: 195.041 Thread 0x0000021c2c7bda80 flushing nmethod 0x0000021c18db7510
Event: 195.041 Thread 0x0000021c2c7bda80 flushing nmethod 0x0000021c18dbdd10
Event: 195.042 Thread 0x0000021c2c7bda80 flushing nmethod 0x0000021c18dc4b90
Event: 195.042 Thread 0x0000021c2c7bda80 flushing nmethod 0x0000021c18dc5410
Event: 195.042 Thread 0x0000021c2c7bda80 flushing nmethod 0x0000021c18dc7790
Event: 195.042 Thread 0x0000021c2c7bda80 flushing nmethod 0x0000021c18dcd010


Dynamic libraries:
0x00007ff697730000 - 0x00007ff697751000 	C:\Program Files\ojdkbuild\java-17-openjdk-17.0.3.0.6-1\bin\java.exe
0x00007ffd06f00000 - 0x00007ffd07167000 	C:\WINDOWS\SYSTEM32\ntdll.dll
0x00007ffd06ab0000 - 0x00007ffd06b79000 	C:\WINDOWS\System32\KERNEL32.DLL
0x00007ffd03900000 - 0x00007ffd03cf4000 	C:\WINDOWS\System32\KERNELBASE.dll
0x00007ffd040b0000 - 0x00007ffd041fb000 	C:\WINDOWS\System32\ucrtbase.dll
0x00007ffcd16a0000 - 0x00007ffcd16b8000 	C:\Program Files\ojdkbuild\java-17-openjdk-17.0.3.0.6-1\bin\jli.dll
0x00007ffcd1680000 - 0x00007ffcd169b000 	C:\Program Files\ojdkbuild\java-17-openjdk-17.0.3.0.6-1\bin\VCRUNTIME140.dll
0x00007ffd06670000 - 0x00007ffd06835000 	C:\WINDOWS\System32\USER32.dll
0x00007ffd03fc0000 - 0x00007ffd03fe7000 	C:\WINDOWS\System32\win32u.dll
0x00007ffceb250000 - 0x00007ffceb4e3000 	C:\WINDOWS\WinSxS\amd64_microsoft.windows.common-controls_6595b64144ccf1df_6.0.26100.8115_none_3e075c82e3354f9c\COMCTL32.dll
0x00007ffd06c80000 - 0x00007ffd06cab000 	C:\WINDOWS\System32\GDI32.dll
0x00007ffd06850000 - 0x00007ffd068f9000 	C:\WINDOWS\System32\msvcrt.dll
0x00007ffd037d0000 - 0x00007ffd038fb000 	C:\WINDOWS\System32\gdi32full.dll
0x00007ffd03f10000 - 0x00007ffd03fb3000 	C:\WINDOWS\System32\msvcp_win.dll
0x00007ffd051e0000 - 0x00007ffd05212000 	C:\WINDOWS\System32\IMM32.DLL
0x00007ffce9a10000 - 0x00007ffce9a1c000 	C:\Program Files\ojdkbuild\java-17-openjdk-17.0.3.0.6-1\bin\vcruntime140_1.dll
0x00007ffcd15f0000 - 0x00007ffcd167d000 	C:\Program Files\ojdkbuild\java-17-openjdk-17.0.3.0.6-1\bin\msvcp140.dll
0x00007ffbeb700000 - 0x00007ffbec35f000 	C:\Program Files\ojdkbuild\java-17-openjdk-17.0.3.0.6-1\bin\server\jvm.dll
0x00007ffd05930000 - 0x00007ffd059e6000 	C:\WINDOWS\System32\ADVAPI32.dll
0x00007ffd05220000 - 0x00007ffd052c7000 	C:\WINDOWS\System32\sechost.dll
0x00007ffd05aa0000 - 0x00007ffd05bb8000 	C:\WINDOWS\System32\RPCRT4.dll
0x00007ffd06a20000 - 0x00007ffd06a28000 	C:\WINDOWS\System32\PSAPI.DLL
0x00007ffce9a50000 - 0x00007ffce9a5a000 	C:\WINDOWS\SYSTEM32\WSOCK32.dll
0x00007ffcf46d0000 - 0x00007ffcf4706000 	C:\WINDOWS\SYSTEM32\WINMM.dll
0x00007ffd06930000 - 0x00007ffd069b0000 	C:\WINDOWS\System32\WS2_32.dll
0x00007ffcfb650000 - 0x00007ffcfb65b000 	C:\WINDOWS\SYSTEM32\VERSION.dll
0x00007ffd02560000 - 0x00007ffd0257b000 	C:\WINDOWS\SYSTEM32\kernel.appcore.dll
0x00007ffcdfca0000 - 0x00007ffcdfcaa000 	C:\Program Files\ojdkbuild\java-17-openjdk-17.0.3.0.6-1\bin\jimage.dll
0x00007ffd00d40000 - 0x00007ffd00f82000 	C:\WINDOWS\SYSTEM32\DBGHELP.DLL
0x00007ffd052d0000 - 0x00007ffd05652000 	C:\WINDOWS\System32\combase.dll
0x00007ffd06330000 - 0x00007ffd06408000 	C:\WINDOWS\System32\OLEAUT32.dll
0x00007ffce3940000 - 0x00007ffce397b000 	C:\WINDOWS\SYSTEM32\dbgcore.DLL
0x00007ffd04200000 - 0x00007ffd042a5000 	C:\WINDOWS\System32\bcryptPrimitives.dll
0x00007ffcd4b20000 - 0x00007ffcd4b2e000 	C:\Program Files\ojdkbuild\java-17-openjdk-17.0.3.0.6-1\bin\instrument.dll
0x00007ffcd15c0000 - 0x00007ffcd15e5000 	C:\Program Files\ojdkbuild\java-17-openjdk-17.0.3.0.6-1\bin\java.dll
0x00007ffcd14e0000 - 0x00007ffcd15b7000 	C:\Program Files\ojdkbuild\java-17-openjdk-17.0.3.0.6-1\bin\jsvml.dll
0x00007ffd05bc0000 - 0x00007ffd06327000 	C:\WINDOWS\System32\SHELL32.dll
0x00007ffd042b0000 - 0x00007ffd0441a000 	C:\WINDOWS\System32\wintypes.dll
0x00007ffd04420000 - 0x00007ffd04c88000 	C:\WINDOWS\System32\windows.storage.dll
0x00007ffd06b80000 - 0x00007ffd06c78000 	C:\WINDOWS\System32\SHCORE.dll
0x00007ffd05660000 - 0x00007ffd056c6000 	C:\WINDOWS\System32\shlwapi.dll
0x00007ffd036f0000 - 0x00007ffd03719000 	C:\WINDOWS\SYSTEM32\profapi.dll
0x00007ffcd0e70000 - 0x00007ffcd0e88000 	C:\Program Files\ojdkbuild\java-17-openjdk-17.0.3.0.6-1\bin\zip.dll
0x00007ffcd0e50000 - 0x00007ffcd0e69000 	C:\Program Files\ojdkbuild\java-17-openjdk-17.0.3.0.6-1\bin\net.dll
0x00007ffcfb500000 - 0x00007ffcfb62d000 	C:\WINDOWS\SYSTEM32\WINHTTP.dll
0x00007ffd02ad0000 - 0x00007ffd02b3c000 	C:\WINDOWS\system32\mswsock.dll
0x00007ffcd0e30000 - 0x00007ffcd0e46000 	C:\Program Files\ojdkbuild\java-17-openjdk-17.0.3.0.6-1\bin\nio.dll
0x00007ffcd14d0000 - 0x00007ffcd14e0000 	C:\Program Files\ojdkbuild\java-17-openjdk-17.0.3.0.6-1\bin\verify.dll
0x00007ffcf6c60000 - 0x00007ffcf6c87000 	C:\Users\adris\.gradle\native\660c5614fbf4a5f2a75b1949f50a0caf5cd603558e7d8a26e50b933a0cfb79d1\windows-amd64\native-platform.dll
0x00007ffcd0fa0000 - 0x00007ffcd1017000 	C:\Users\adris\.gradle\native\0.2.8\x86_64-windows-gnu\gradle-fileevents.dll
0x00007ffcd0ca0000 - 0x00007ffcd0ca9000 	C:\Program Files\ojdkbuild\java-17-openjdk-17.0.3.0.6-1\bin\management.dll
0x00007ffcd0c90000 - 0x00007ffcd0c9b000 	C:\Program Files\ojdkbuild\java-17-openjdk-17.0.3.0.6-1\bin\management_ext.dll
0x00007ffd01f10000 - 0x00007ffd01f42000 	C:\WINDOWS\SYSTEM32\IPHLPAPI.DLL
0x00007ffd06840000 - 0x00007ffd0684a000 	C:\WINDOWS\System32\NSI.dll
0x00007ffcfb6a0000 - 0x00007ffcfb6bd000 	C:\WINDOWS\SYSTEM32\dhcpcsvc6.DLL
0x00007ffcfb410000 - 0x00007ffcfb435000 	C:\WINDOWS\SYSTEM32\dhcpcsvc.DLL
0x00007ffd02000000 - 0x00007ffd02132000 	C:\WINDOWS\SYSTEM32\DNSAPI.dll
0x00007ffd02db0000 - 0x00007ffd02dcb000 	C:\WINDOWS\SYSTEM32\CRYPTSP.dll
0x00007ffd024c0000 - 0x00007ffd024f9000 	C:\WINDOWS\system32\rsaenh.dll
0x00007ffd02b80000 - 0x00007ffd02bb3000 	C:\WINDOWS\SYSTEM32\USERENV.dll
0x00007ffd036c0000 - 0x00007ffd036ea000 	C:\WINDOWS\SYSTEM32\bcrypt.dll
0x00007ffd02dd0000 - 0x00007ffd02ddc000 	C:\WINDOWS\SYSTEM32\CRYPTBASE.dll
0x00007ffcd1300000 - 0x00007ffcd130d000 	C:\Program Files\ojdkbuild\java-17-openjdk-17.0.3.0.6-1\bin\sunmscapi.dll
0x00007ffd03d90000 - 0x00007ffd03f07000 	C:\WINDOWS\System32\CRYPT32.dll
0x00007ffd03060000 - 0x00007ffd03090000 	C:\WINDOWS\SYSTEM32\ncrypt.dll
0x00007ffd02ff0000 - 0x00007ffd0302f000 	C:\WINDOWS\SYSTEM32\NTASN1.dll
0x00007ffd00b30000 - 0x00007ffd00b38000 	C:\WINDOWS\system32\wshunix.dll
0x00007ffcf9670000 - 0x00007ffcf967b000 	C:\Windows\System32\rasadhlp.dll
0x00007ffcfae20000 - 0x00007ffcfaea6000 	C:\WINDOWS\System32\fwpuclnt.dll
0x00007ffcf6ce0000 - 0x00007ffcf6d21000 	C:\Users\adris\AppData\Local\Temp\jna-92673561\jna8213216299960311416.dll
0x00007ffd02680000 - 0x00007ffd026b6000 	C:\WINDOWS\SYSTEM32\ntmarta.dll
0x00007ffcd16c0000 - 0x00007ffcd16c7000 	C:\Program Files\ojdkbuild\java-17-openjdk-17.0.3.0.6-1\bin\rmi.dll

dbghelp: loaded successfully - version: 4.0.5 - missing functions: none
symbol engine: initialized successfully - sym options: 0x614 - pdb path: .;C:\Program Files\ojdkbuild\java-17-openjdk-17.0.3.0.6-1\bin;C:\WINDOWS\SYSTEM32;C:\WINDOWS\WinSxS\amd64_microsoft.windows.common-controls_6595b64144ccf1df_6.0.26100.8115_none_3e075c82e3354f9c;C:\Program Files\ojdkbuild\java-17-openjdk-17.0.3.0.6-1\bin\server;C:\Users\adris\.gradle\native\660c5614fbf4a5f2a75b1949f50a0caf5cd603558e7d8a26e50b933a0cfb79d1\windows-amd64;C:\Users\adris\.gradle\native\0.2.8\x86_64-windows-gnu;C:\Users\adris\AppData\Local\Temp\jna-92673561

VM Arguments:
jvm_args: --add-opens=java.base/java.lang=ALL-UNNAMED --add-opens=java.base/java.lang.invoke=ALL-UNNAMED --add-opens=java.base/java.util=ALL-UNNAMED --add-opens=java.prefs/java.util.prefs=ALL-UNNAMED --add-exports=jdk.compiler/com.sun.tools.javac.api=ALL-UNNAMED --add-exports=jdk.compiler/com.sun.tools.javac.util=ALL-UNNAMED --add-opens=java.base/java.util=ALL-UNNAMED --add-opens=java.prefs/java.util.prefs=ALL-UNNAMED --add-opens=java.base/java.nio.charset=ALL-UNNAMED --add-opens=java.base/java.net=ALL-UNNAMED --add-opens=java.base/java.util.concurrent=ALL-UNNAMED --add-opens=java.base/java.util.concurrent.atomic=ALL-UNNAMED --add-opens=java.xml/javax.xml.namespace=ALL-UNNAMED --add-opens=java.base/java.time=ALL-UNNAMED -Xmx2048m -Dfile.encoding=UTF-8 -Duser.country=IN -Duser.language=en -Duser.variant -javaagent:C:\tmp\gradle\gradle-9.3.1\lib\agents\gradle-instrumentation-agent-9.3.1.jar 
java_command: org.gradle.launcher.daemon.bootstrap.GradleDaemon 9.3.1
java_class_path (initial): C:\tmp\gradle\gradle-9.3.1\lib\gradle-daemon-main-9.3.1.jar
Launcher Type: SUN_STANDARD

[Global flags]
     intx CICompilerCount                          = 12                                        {product} {ergonomic}
     uint ConcGCThreads                            = 3                                         {product} {ergonomic}
     uint G1ConcRefinementThreads                  = 13                                        {product} {ergonomic}
   size_t G1HeapRegionSize                         = 1048576                                   {product} {ergonomic}
    uintx GCDrainStackTargetSize                   = 64                                        {product} {ergonomic}
   size_t InitialHeapSize                          = 264241152                                 {product} {ergonomic}
   size_t MarkStackSize                            = 4194304                                   {product} {ergonomic}
   size_t MaxHeapSize                              = 2147483648                                {product} {command line}
   size_t MaxNewSize                               = 1287651328                                {product} {ergonomic}
   size_t MinHeapDeltaBytes                        = 1048576                                   {product} {ergonomic}
   size_t MinHeapSize                              = 8388608                                   {product} {ergonomic}
    uintx NonNMethodCodeHeapSize                   = 7602480                                {pd product} {ergonomic}
    uintx NonProfiledCodeHeapSize                  = 122027880                              {pd product} {ergonomic}
    uintx ProfiledCodeHeapSize                     = 122027880                              {pd product} {ergonomic}
    uintx ReservedCodeCacheSize                    = 251658240                              {pd product} {ergonomic}
     bool SegmentedCodeCache                       = true                                      {product} {ergonomic}
   size_t SoftMaxHeapSize                          = 2147483648                             {manageable} {ergonomic}
     bool UseCompressedClassPointers               = true                           {product lp64_product} {ergonomic}
     bool UseCompressedOops                        = true                           {product lp64_product} {ergonomic}
     bool UseG1GC                                  = true                                      {product} {ergonomic}
     bool UseLargePagesIndividualAllocation        = false                                  {pd product} {ergonomic}

Logging:
Log output configuration:
 #0: stdout all=warning uptime,level,tags
 #1: stderr all=off uptime,level,tags

Environment Variables:
JAVA_HOME=C:\Program Files\ojdkbuild\java-17-openjdk-17.0.3.0.6-1
PATH=C:\Program Files\ojdkbuild\java-17-openjdk-17.0.3.0.6-1\bin;C:\tmp\Android\sdk\platform-tools;C:\Users\adris\.codex\tmp\arg0\codex-arg0U1EUS7;C:\Program Files\NVIDIA GPU Computing Toolkit\CUDA\v12.3\bin;C:\Program Files\NVIDIA GPU Computing Toolkit\CUDA\v12.3\libnvvp;C:\Program Files (x86)\Common Files\Oracle\Java\javapath;C:\Windows\system32;C:\Windows;C:\Windows\System32\Wbem;C:\Windows\System32\WindowsPowerShell\v1.0\;C:\Windows\System32\OpenSSH\;C:\Program Files (x86)\NVIDIA Corporation\PhysX\Common;C:\Program Files\dotnet\;C:\Program Files\NVIDIA Corporation\NVIDIA app\NvDLISR;C:\WINDOWS\system32;C:\WINDOWS;C:\WINDOWS\System32\Wbem;C:\WINDOWS\System32\WindowsPowerShell\v1.0\;C:\WINDOWS\System32\OpenSSH\;C:\Program Files\nodejs\;C:\Users\adris\AppData\Local\Muse Hub\lib;C:\Program Files (x86)\Windows Kits\10\Windows Performance Toolkit\;C:\Program Files\NVIDIA Corporation\Nsight Compute 2023.3.0\;C:\Program Files\Git\cmd;C:\Program Files\cursor\resources\app\bin;C:\Program Files\ojdkbuild\java-17-openjdk-17.0.3.0.6-1\bin;C:\msys64\mingw64\bin;C:\Users\adris\AppData\Local\Programs\Python\Python312\Scripts\;C:\Users\adris\AppData\Local\Programs\Python\Python312\;C:\Users\adris\AppData\Local\Microsoft\WindowsApps;C:\Users\adris\AppData\Local\Muse Hub\lib;C:\Users\adris\AppData\Roaming\npm;C:\Program Files\MongoDB\Server\8.0\bin;C:\Users\adris\AppData\Local\GitHubDesktop\bin;C:\Users\adris\AppData\Local\Programs\Microsoft VS Code\bin;C:\Users\adris\AppData\Local\Programs\Microsoft VS Code Insiders\bin;C:\Users\adris\AppData\Local\Programs\cursor\resources\app\bin;C:\Users\adris\AppData\Local\Programs\Windsurf\bin;C:\Users\adris\AppData\Local\Programs\Antigravity\bin;C:\Users\adris\AppData\Local\Programs\Ollama;C:\Users\adris\AppData\Local\OpenAI\Codex\bin;C:\Program Files\WindowsApps\OpenAI.Codex_26.429.3425.0_x64__2p2nqsd0c76g0\app\resources
USERNAME=adris
SHELL=C:\Windows\System32\WindowsPowerShell\v1.0\powershell.exe
OS=Windows_NT
PROCESSOR_IDENTIFIER=Intel64 Family 6 Model 154 Stepping 3, GenuineIntel



---------------  S Y S T E M  ---------------

OS:
 Windows 11 , 64 bit Build 26100 (10.0.26100.8246)
OS uptime: 0 days 0:27 hours
Hyper-V role detected

CPU: total 16 (initial active 16) (8 cores per cpu, 2 threads per core) family 6 model 154 stepping 3 microcode 0x423, cx8, cmov, fxsr, ht, mmx, 3dnowpref, sse, sse2, sse3, ssse3, sse4.1, sse4.2, popcnt, lzcnt, tsc, tscinvbit, avx, avx2, aes, erms, clmul, bmi1, bmi2, adx, sha, fma, vzeroupper, clflush, clflushopt, clwb, hv

Memory: 4k page, system-wide physical 16088M (5763M free)
TotalPageFile size 41688M (AvailPageFile size 20692M)
current process WorkingSet (physical memory assigned to process): 1138M, peak: 1146M
current process commit charge ("private bytes"): 1303M, peak: 1319M

vm_info: OpenJDK 64-Bit Server VM (17.0.3+6-LTS) for windows-amd64 JRE (17.0.3+6-LTS), built on May  3 2022 21:26:56 by "" with MS VC++ 16.10 / 16.11 (VS2019)

END.
